id,name,unused1,unused2,unused3,price,unused4,qty
3,"Apple iPhone 13 5G 4GB RAM 128GB",,,,6950.00,,57
6,"Apple iPhone 14 Pro 5G 6GB RAM 128GB",,,,13590.00,,57
14,"Apple iPhone 14 Pro Max 5G 6GB RAM 128GB",,,,14390.00,,52
18,"Apple iPhone 14 5G 6GB RAM 128GB",,,,9980.00,,60
21,"Google Pixel 6a 5G Dual SIM 6GB RAM 128GB",,,,3680.00,,25
25,"Samsung Galaxy A53 SM-A536B/DS 5G Dual SIM 6GB RAM 128GB",,,,4199.00,,29
27,"Samsung Galaxy S22 SM-S901B 5G Dual SIM 8GB RAM 128GB",,,,5690.00,,50
30,"Apple iPhone 13 Mini 5G 4GB RAM 128GB",,,,7990.00,,48
33,"Samsung Galaxy S23 Ultra SM-S918B 5G Dual SIM 8GB RAM 256GB",,,,13500.00,,39
43,"Google Pixel 7 5G Dual SIM 8GB RAM 128GB",,,,6510.00,,24
45,"Apple iPhone 12 5G 4GB RAM 64GB",,,,4780.00,,53
48,"Apple iPhone 11 4GB RAM 64GB",,,,3739.00,,49
90,"Google Pixel 7 Pro 5G Dual SIM 12GB RAM 128GB",,,,9200.00,,26
98,"Apple iPhone 13 Pro 5G 6GB RAM 128GB",,,,10780.00,,16
103,"Samsung Galaxy S23 SM-S911B 5G Dual SIM 8GB RAM 128GB",,,,8840.00,,46
120,"Apple iPhone 12 5G 4GB RAM 128GB",,,,6450.00,,52
134,"Apple iPhone SE 2022 (3rd Generation) 5G 4GB RAM 64GB",,,,5777.00,,54
137,"Sony Xperia 10 IV XQ-CC54 5G Dual SIM 6GB RAM 128GB",,,,4290.00,,26
146,"Apple iPhone 14 Plus 5G 6GB RAM 128GB",,,,10799.00,,50
151,"Samsung Galaxy S22 Ultra SM-S908B 5G Dual SIM 8GB RAM 128GB",,,,9990.00,,25
178,"Samsung Galaxy S23 Ultra SM-S918B 5G Dual SIM 12GB RAM 512GB",,,,15802.00,,38
194,"Apple iPhone 14 Pro Max 5G 6GB RAM 256GB",,,,16650.00,,49
215,"Samsung Galaxy A13 SM-A137F/DS Dual SIM 4GB RAM 64GB",,,,1890.00,,22
254,"Samsung Galaxy S21 FE SM-G990B 5G Dual SIM 6GB RAM 128GB",,,,4680.00,,45
273,"Apple iPhone 13 Pro Max 5G 6GB RAM 128GB",,,,11290.00,,17
281,"Samsung Galaxy A54 SM-A546B 5G Dual SIM 8GB RAM 128GB",,,,5181.00,,28
287,"Samsung Galaxy A33 SM-A336B/DS 5G Dual SIM 6GB RAM 128GB",,,,3424.00,,34
332,"OnePlus Nord CE 2 Lite 5G Dual SIM 6GB RAM 128GB",,,,2490.00,,16
334,"Apple iPhone 14 Pro 5G 6GB RAM 256GB",,,,15079.00,,56
448,"Xiaomi 12T 5G Dual SIM 8GB RAM 128GB",,,,5986.00,,11
500,"Samsung Galaxy S23 SM-S911B 5G Dual SIM 8GB RAM 256GB",,,,10248.00,,41
530,"Apple iPhone 11 Pro Max 4GB RAM 512GB",,,,0.00,,3
563,"Sony Xperia 5 IV XQ-CQ54 5G Dual SIM 8GB RAM 128GB",,,,9990.00,,23
575,"Apple iPhone 13 5G 4GB RAM 256GB",,,,9990.00,,47
588,"Apple iPhone SE 2022 (3rd Generation) 5G 4GB RAM 128GB",,,,3439.00,,49
611,"Samsung Galaxy A23 5G SM-A236B/DS 5G Dual SIM 4GB RAM 64GB",,,,2722.00,,39
614,"Sony Xperia 1 IV XQ-CT54 5G Dual SIM 12GB RAM 256GB",,,,13781.00,,23
618,"Apple iPhone 12 Pro Max 5G 6GB RAM 128GB",,,,7380.00,,9
636,"Samsung Galaxy S23 Plus SM-S916B 5G Dual SIM 8GB RAM 512GB",,,,12893.00,,35
646,"Apple iPhone 12 Mini 5G 4GB RAM 64GB",,,,4499.00,,19
647,"OnePlus 11 5G Dual SIM 16GB RAM 256GB",,,,10590.00,,18
692,"Samsung Galaxy A54 SM-A546B 5G Dual SIM 8GB RAM 256GB",,,,5541.00,,25
709,"Samsung Galaxy Z Flip 4 SM-F721B 5G 8GB RAM 128GB",,,,8944.00,,36
724,"Xiaomi Redmi 10C Dual SIM 4GB RAM 64GB",,,,1659.00,,25
726,"Samsung Galaxy Z Fold 4 SM-F936B 5G 12GB RAM 256GB",,,,16590.00,,34
730,"Samsung Galaxy S23 Plus SM-S916B 5G Dual SIM 8GB RAM 256GB",,,,11759.00,,41
774,"Samsung Galaxy S20 FE SM-G781B/DS 5G Dual SIM 6GB RAM 128GB",,,,5245.00,,31
807,"Apple iPhone 11 4GB RAM 128GB",,,,5999.00,,42
813,"Xiaomi 13 Pro 5G Dual SIM 12GB RAM 256GB",,,,13990.00,,12
816,"Samsung Galaxy S22 Plus SM-S906B 5G Dual SIM 8GB RAM 128GB",,,,10569.00,,20
927,"Samsung Galaxy S21 SM-G991B 5G Dual SIM 8GB RAM 128GB",,,,4380.00,,14
931,"Apple iPhone 11 Pro 4GB RAM 64GB",,,,4880.00,,9
961,"Xiaomi Redmi Note 11 Pro 5G Dual SIM 6GB RAM 128GB",,,,3490.00,,28
971,"Motorola Moto G73 5G 8GB RAM 256GB",,,,3490.00,,17
983,"Asus ZenFone 9 AI2202 5G Dual SIM 8GB RAM 128GB",,,,7847.00,,14
1002,"Samsung Galaxy A52s SM-A528B 5G Dual SIM 6GB RAM 128GB",,,,4495.00,,23
1019,"Samsung Galaxy S22 Ultra SM-S908B 5G Dual SIM 12GB RAM 256GB",,,,11490.00,,25
1081,"Motorola Moto G52 Dual SIM 4GB RAM 128GB",,,,2490.00,,14
1091,"Samsung Galaxy S22 SM-S901B 5G Dual SIM 8GB RAM 256GB",,,,7950.00,,39
1103,"Google Pixel 7 Pro 5G Dual SIM 12GB RAM 256GB",,,,10990.00,,10
1105,"OnePlus Nord 2T 5G Dual SIM 8GB RAM 128GB",,,,4190.00,,13
1120,"OnePlus 10 Pro 5G Dual SIM 8GB RAM 128GB",,,,7990.00,,19
1208,"Apple iPhone 14 Plus 5G 6GB RAM 256GB",,,,10990.00,,51
1211,"Xiaomi Redmi Note 10 Pro Dual SIM 6GB RAM 128GB",,,,2685.00,,23
1308,"Google Pixel 2 XL 4GB RAM 64GB",,,,2222.00,,3
1327,"Apple iPhone 12 Pro 5G 6GB RAM 128GB",,,,5680.00,,9
1353,"Apple iPhone 14 5G 6GB RAM 256GB",,,,11490.00,,52
1372,"Apple iPhone SE 2020 (2nd Generation) 3GB RAM 64GB",,,,2119.00,,18
1378,"Nothing Phone (1) 12GB RAM 256GB",,,,6290.00,,21
1415,"Xiaomi 11T Pro 5G Dual SIM 8GB RAM 256GB",,,,4490.00,,20
1425,"Motorola Edge 30 Neo 5G Dual SIM 8GB RAM 128GB",,,,3783.00,,23
1447,"Motorola Moto G31 Dual SIM 4GB RAM 64GB",,,,1677.00,,18
1459,"Xiaomi 12 5G Dual SIM 8GB RAM 256GB",,,,5690.00,,21
1467,"Samsung Galaxy Z Flip 3 SM-F711B 5G 8GB RAM 128GB",,,,7199.00,,25
1517,"Samsung Galaxy A34 SM-A346B 5G Dual SIM 6GB RAM 128GB",,,,3996.00,,32
1652,"Nothing Phone (1) 8GB RAM 128GB",,,,4790.00,,15
1656,"Samsung Galaxy A14 SM-A146P 5G Dual SIM 6GB RAM 128GB",,,,2799.00,,23
1724,"Apple iPhone XR 3GB RAM 128GB",,,,2995.00,,12
1821,"Xiaomi 12 Pro 5G Dual SIM 12GB RAM 256GB",,,,9490.00,,22
1827,"Xiaomi Redmi Note 11 Dual SIM 4GB RAM 128GB",,,,2242.00,,30
1838,"Apple iPhone 12 Pro Max 5G 6GB RAM 256GB",,,,13595.00,,6
1854,"Apple iPhone 13 Pro 5G 6GB RAM 512GB",,,,13200.00,,20
1914,"Samsung Galaxy A53 SM-A536B/DS 5G Dual SIM 8GB RAM 256GB",,,,4914.00,,15
1937,"Samsung Galaxy A04s SM-A047F/DS Dual SIM 3GB RAM 32GB",,,,1593.00,,42
1990,"Motorola Moto G62 5G Dual SIM 4GB RAM 64GB",,,,1990.00,,7
2031,"Google Pixel 6 Pro 5G Dual SIM 12GB RAM 128GB",,,,6190.00,,22
2033,"Apple iPhone 13 Pro Max 5G 6GB RAM 256GB",,,,12090.00,,15
2079,"Nothing Phone (1) 8GB RAM 256GB",,,,5514.00,,16
2109,"Samsung Galaxy A13 SM-A135F/DS Dual SIM 4GB RAM 64GB",,,,2226.00,,5
2146,"OnePlus 11 5G Dual SIM 8GB RAM 128GB",,,,9790.00,,12
2213,"Apple iPhone 13 Mini 5G 4GB RAM 256GB",,,,9280.00,,46
2236,"Samsung Galaxy S20 Ultra SM-G988B 5G Dual SIM 12GB RAM 128GB",,,,5880.00,,8
2283,"Asus ZenFone 8 ZS590KS 5G Dual SIM 8GB RAM 128GB",,,,6990.00,,7
2286,"Huawei P50 Pro 8GB RAM 256GB",,,,9990.00,,4
2316,"Samsung Galaxy A14 SM-A146P 5G Dual SIM 4GB RAM 64GB",,,,2362.00,,28
2340,"Motorola Edge 30 Pro 5G Dual SIM 12GB RAM 256GB",,,,7137.00,,21
2386,"Sony Xperia 1 III XQ-BC52 5G Dual SIM 12GB RAM 256GB",,,,8990.00,,14
2403,"Motorola Moto G53 5G 4GB RAM 128GB",,,,2688.00,,14
2411,"Samsung Galaxy S10 SM-G973F/DS Dual SIM 8GB RAM 128GB",,,,3818.52,,3
2413,"Xiaomi 13 5G Dual SIM 8GB RAM 256GB",,,,9654.00,,18
2419,"Samsung Galaxy S21 Ultra SM-G998B 5G Dual SIM 12GB RAM 128GB",,,,5590.00,,14
2444,"Motorola Moto G32 4GB RAM 128GB",,,,2290.00,,19
2617,"Xiaomi 12T Pro 5G Dual SIM 12GB RAM 256GB",,,,0.00,,3
2629,"Motorola Moto G51 5G Dual SIM 4GB RAM 64GB",,,,1990.00,,14
2688,"Apple iPhone XR 3GB RAM 64GB",,,,2666.00,,19
2844,"Motorola Edge 30 Ultra 5G Dual SIM 12GB RAM 256GB",,,,8478.23,,23
2869,"Samsung Galaxy Xcover 5 SM-G525F Dual SIM 4GB RAM 64GB",,,,2719.00,,39
2878,"Logicom Wave 8GB",,,,854.00,,5
2895,"Xiaomi Poco M4 Pro 5G Dual SIM 6GB RAM 128GB",,,,3433.00,,3
2938,"Xiaomi Poco M4 Pro Dual SIM 6GB RAM 128GB",,,,2690.00,,5
2986,"Nokia XR20 5G Dual SIM 4GB RAM 64GB",,,,3907.00,,19
3009,"Motorola Moto E20 Dual SIM 2GB RAM 32GB",,,,1126.00,,17
3044,"Xiaomi Redmi 10 2022 Dual SIM 4GB RAM 128GB",,,,2470.00,,7
3055,"Xiaomi 11 Lite NE 5G Dual SIM 8GB RAM 128GB",,,,3590.00,,12
3069,"Nokia 105 2019 Dual SIM 4MB RAM",,,,239.00,,27
3090,"Apple iPhone 13 (Product)Red Special Edition 5G 4GB RAM 128GB",,,,8989.00,,38
3095,"Google Pixel 6 5G Dual SIM 8GB RAM 128GB",,,,5190.00,,18
3115,"Sony Xperia 5 III XQ-BQ52 5G Dual SIM 8GB RAM 128GB",,,,6890.00,,12
3164,"Doro 8110",,,,2633.00,,19
3206,"Doro 8080 3GB RAM 32GB",,,,2755.00,,11
3217,"Samsung Galaxy A13 SM-A136B/DS 5G Dual SIM 4GB RAM 64GB",,,,1790.00,,32
3289,"Apple iPhone XS 4GB RAM 64GB",,,,3199.00,,7
3352,"Samsung Galaxy Z Fold 4 SM-F936B 5G 12GB RAM 512GB",,,,16943.00,,34
3437,"Apple iPhone 13 Pro 5G 6GB RAM 256GB",,,,13990.00,,15
3444,"Samsung Galaxy S21 FE SM-G990B 5G Dual SIM 8GB RAM 256GB",,,,6093.00,,31
3488,"Google Pixel 7 5G Dual SIM 8GB RAM 256GB",,,,8290.00,,9
3523,"Samsung Galaxy S10e SM-G970F/DS Dual SIM 6GB RAM 128GB",,,,7972.00,,4
3534,"Motorola Edge 30 5G Dual SIM 8GB RAM 128GB",,,,4253.00,,13
3538,"Apple iPhone 12 Mini 5G 4GB RAM 128GB",,,,3822.00,,24
3677,"Xiaomi Redmi 10 Dual SIM 4GB RAM 128GB",,,,1490.00,,11
3688,"Motorola Edge 30 Fusion 5G Dual SIM 8GB RAM 128GB",,,,5895.00,,24
3801,"OnePlus 10T 5G Dual SIM 8GB RAM 128GB",,,,6988.00,,15
3809,"Apple iPhone 14 Pro Max 5G 6GB RAM 512GB",,,,19332.00,,44
3815,"Motorola Edge 40 Pro 12GB RAM 256GB",,,,10715.00,,7
3843,"Samsung Galaxy S22 Ultra SM-S908B 5G Dual SIM 12GB RAM 512GB",,,,13989.00,,28
3863,"Apple iPhone 8 2GB RAM 64GB",,,,1799.00,,8
3877,"Nokia 3310 2017 Dual SIM 16MB RAM",,,,695.00,,17
3931,"Xiaomi 11T 5G Dual SIM 8GB RAM 128GB",,,,4093.00,,21
4044,"Motorola Moto G100 5G Dual SIM 8GB RAM 128GB",,,,4395.00,,3
4139,"Nokia 225 4G Dual SIM 64MB RAM 32GB",,,,629.00,,11
4171,"Motorola Moto E32s Dual SIM 4GB RAM 64GB",,,,1212.00,,14
4284,"Samsung Galaxy Z Fold3 SM-F926B 5G 12GB RAM 256GB",,,,13970.00,,28
4342,"Samsung Galaxy Note 20 Ultra SM-N986B/DS 5G Dual SIM 12GB RAM 256GB",,,,10348.00,,9
4372,"OnePlus 10 Pro 5G Dual SIM 12GB RAM 256GB",,,,8990.00,,20
4394,"Samsung Galaxy S21 SM-G991B 5G Dual SIM 8GB RAM 256GB",,,,10290.00,,6
4406,"Xiaomi Redmi Note 12 Pro 8GB RAM 128GB",,,,4426.00,,5
4449,"Nokia 800 Tough Dual SIM 512MB RAM",,,,1190.00,,6
4461,"Xiaomi Redmi 9C NFC Dual SIM 3GB RAM 64GB",,,,1330.00,,15
4669,"Samsung Galaxy A14 SM-A145R Dual SIM 4GB RAM 64GB",,,,2108.00,,31
4704,"Xiaomi 13 Lite 5G Dual SIM 8GB RAM 256GB",,,,5317.00,,15
4721,"Asus ROG Phone 6 AI2201 5G Dual SIM 12GB RAM 256GB",,,,9990.00,,10
4765,"Apple iPhone 14 Pro Max 5G 6GB RAM 1TB",,,,19999.00,,40
4799,"Huawei P30 Dual SIM 6GB RAM 128GB",,,,0.00,,3
4995,"OnePlus Nord 2 5G Dual SIM 8GB RAM 128GB",,,,4253.00,,10
5052,"Sony Xperia 10 III XQ-BT52 5G Dual SIM 6GB RAM 128GB",,,,4637.87,,1
5058,"Asus ZenFone 9 AI2202 5G Dual SIM 16GB RAM 256GB",,,,9490.00,,8
5122,"OnePlus 9 Pro 5G Dual SIM 8GB RAM 128GB",,,,7890.00,,13
5189,"Doro 5861",,,,1168.00,,23
5197,"Samsung Galaxy Z Flip 4 SM-F721B 5G 8GB RAM 256GB",,,,9890.00,,38
5410,"Samsung Galaxy Xcover6 Pro SM-G736B/DS 5G Dual SIM 6GB RAM 128GB",,,,5255.00,,29
5416,"Doro 6881",,,,1645.00,,24
5488,"Motorola Moto E40 Dual SIM 4GB RAM 64GB",,,,1597.00,,13
5502,"Realme 9 Pro+ 5G Dual SIM 6GB RAM 128GB",,,,3942.91,,3
5537,"Huawei P40 Pro 5G Dual SIM 8GB RAM 256GB",,,,7990.00,,3
5588,"Nokia 105 4G Dual SIM 32MB RAM",,,,390.00,,11
5589,"OnePlus Nord CE 2 5G Dual SIM 8GB RAM 128GB",,,,4329.17,,1
5596,"Xiaomi Poco X5 Pro 5G Dual SIM 8GB RAM 256GB",,,,4590.00,,5
5701,"Samsung Galaxy A52 SM-A526B 5G Dual SIM 6GB RAM 128GB",,,,4965.00,,11
5706,"Apple iPhone 13 Pro Max 5G 8GB RAM 1TB",,,,16187.00,,22
5720,"Huawei Nova 9 Dual SIM 8GB RAM 128GB",,,,4305.00,,5
5821,"CAT S62 Pro Dual SIM 6GB RAM 128GB",,,,6169.00,,27
5850,"Samsung Galaxy A13 SM-A136B/DS 5G Dual SIM 4GB RAM 128GB",,,,1990.00,,21
5874,"Doro 1362 Dual SIM 8MB RAM",,,,574.00,,10
5900,"Motorola Moto G200 5G Dual SIM 8GB RAM 128GB",,,,4986.00,,3
5910,"Motorola Moto G22 Dual SIM 4GB RAM 64GB",,,,1637.00,,18
5924,"Xiaomi Poco X4 Pro 5G Dual SIM 6GB RAM 128GB",,,,4647.00,,2
6036,"Xiaomi 12 Lite 5G Dual SIM 8GB RAM 128GB",,,,4468.71,,19
6053,"Motorola Moto E13 Dual SIM 2GB RAM 64GB",,,,1190.00,,14
6059,"OnePlus 10T 5G Dual SIM 16GB RAM 256GB",,,,7669.00,,11
6196,"Nokia G22 4GB RAM 64GB",,,,1910.00,,14
6205,"OnePlus Nord 2T 5G Dual SIM 12GB RAM 256GB",,,,5490.00,,10
6288,"Samsung Galaxy S23 Ultra SM-S918B 5G Dual SIM 12GB RAM 1TB",,,,18988.00,,21
6330,"Nokia 2660 Flip Dual SIM 48MB RAM 128MB",,,,855.00,,20
6390,"Apple iPhone 14 Plus 5G 6GB RAM 512GB",,,,13415.00,,42
6392,"Realme 8 Dual SIM 4GB RAM 64GB",,,,2290.00,,6
6410,"Motorola Moto G82 5G Dual SIM 6GB RAM 128GB",,,,3386.00,,11
6490,"Samsung Galaxy S20 FE SM-G780F Dual SIM 6GB RAM 128GB",,,,3380.00,,7
6518,"Samsung Galaxy A22 SM-A226B 5G Dual SIM 4GB RAM 64GB",,,,0.00,,7
6579,"Motorola Edge 20 Lite 5G Dual SIM 8GB RAM 128GB",,,,3057.00,,18
6590,"Sony Xperia Pro-I XQ-BE52 5G Dual SIM 12GB RAM 512GB",,,,17990.00,,3
6613,"OnePlus Nord CE 3 Lite 5G Dual SIM 8GB RAM 128GB",,,,3988.00,,7
6726,"Nokia G21 Dual SIM 4GB RAM 64GB",,,,1747.00,,25
6745,"Apple iPhone 14 Pro 5G 6GB RAM 512GB",,,,18484.00,,45
6817,"Doro 7081 512MB RAM",,,,1290.00,,2
7114,"Motorola Razr 2022 5G 8GB RAM 256GB",,,,11490.00,,14
7142,"Nokia 8210 4G Dual SIM",,,,815.00,,21
7175,"Fairphone 4 5G Dual SIM 6GB RAM 128GB",,,,6290.00,,15
7219,"Xiaomi Redmi 9A Dual SIM 2GB RAM 32GB",,,,998.00,,20
7300,"Samsung Galaxy S21 Plus SM-G996B 5G Dual SIM 8GB RAM 128GB",,,,8324.00,,12
7424,"Motorola Moto G41 Dual SIM 4GB RAM 128GB",,,,2120.00,,9
7531,"Xiaomi Redmi Note 12 Pro 6GB RAM 128GB",,,,3815.00,,14
7572,"Huawei Mate 50 Pro 8GB RAM 256GB",,,,13327.00,,5
7632,"Doro 6821",,,,1439.00,,28
7702,"Fairphone 4 5G Dual SIM 8GB RAM 256GB",,,,6990.00,,14
7721,"Xiaomi Mi 10 Lite 5G Dual SIM 6GB RAM 64GB",,,,4490.00,,3
7741,"Samsung Galaxy A71 SM-A715F/DS Dual SIM 6GB RAM 128GB",,,,5222.20,,3
7819,"OnePlus 9 Pro 5G Dual SIM 12GB RAM 256GB",,,,10690.00,,5
7825,"Apple iPhone 11 Pro Max 4GB RAM 64GB",,,,12490.00,,5
8030,"Apple iPhone 13 Mini 5G 4GB RAM 512GB",,,,10858.00,,35
8036,"Xiaomi Redmi 10 5G Dual SIM 4GB RAM 128GB",,,,1999.00,,10
8092,"Apple iPhone SE 2020 (2nd Generation) 3GB RAM 128GB",,,,2679.00,,13
8173,"Nokia X30 5G Dual SIM 8GB RAM 256GB",,,,5401.00,,19
8215,"Samsung Galaxy A14 SM-A146P 5G Dual SIM 4GB RAM 128GB",,,,2633.00,,25
8230,"Honor Magic 4 Pro 5G Dual SIM 8GB RAM 256GB",,,,12725.00,,4
8264,"OnePlus 9 5G Dual SIM 8GB RAM 128GB",,,,5799.00,,5
8272,"CAT B40 Dual SIM 128MB RAM",,,,777.00,,20
8346,"Samsung Galaxy A34 SM-A346B 5G Dual SIM 8GB RAM 128GB",,,,4037.00,,4
8354,"Xiaomi Redmi 9AT Dual SIM 2GB RAM 32GB",,,,1137.00,,24
8422,"Oukitel WP19 Dual SIM 8GB RAM 256GB",,,,5247.00,,4
8438,"Samsung Galaxy Xcover Pro SM-G715F/DS Dual SIM 4GB RAM 64GB",,,,3699.00,,19
8439,"Samsung Galaxy A34 SM-A346B 5G Dual SIM 8GB RAM 256GB",,,,4588.00,,22
8470,"Honor 70 5G Dual SIM 8GB RAM 256GB",,,,6871.00,,5
8562,"Apple iPhone 14 5G 6GB RAM 512GB",,,,12490.00,,42
8697,"Alcatel 1 2021 5033FR",,,,699.00,,10
8715,"Nokia G11 Dual SIM 3GB RAM 32GB",,,,1484.00,,22
8737,"Oppo Reno6 Pro 5G 12GB RAM 256GB",,,,5090.00,,6
8792,"Realme GT2 5G Dual SIM 8GB RAM 128GB",,,,4664.00,,10
8819,"Samsung Galaxy A54 Enterprise Edition SM-A546B 5G Dual SIM 8GB RAM 128GB",,,,5906.00,,15
8828,"OnePlus Nord 2 5G Dual SIM 12GB RAM 256GB",,,,4891.00,,8
8876,"Motorola Moto E32 Dual SIM 4GB RAM 64GB",,,,1686.00,,6
8882,"Apple iPhone 13 5G 4GB RAM 512GB",,,,10443.00,,43
8973,"Samsung Galaxy A52 SM-A525F/DS Dual SIM 6GB RAM 128GB",,,,4190.00,,6
9154,"Apple iPhone 14 Pro 5G 6GB RAM 1TB",,,,17999.00,,42
9155,"Asus ROG Phone 7 Ultimate 5G Dual SIM 16GB RAM 512GB",,,,15990.00,,5
9251,"Apple iPhone 8 Plus 3GB RAM 256GB",,,,3099.00,,5
9281,"Samsung Galaxy Z Flip SM-F700F/DS Dual SIM 8GB RAM 256GB",,,,6227.79,,4
9336,"Xiaomi Redmi Note 11S Dual SIM 6GB RAM 128GB",,,,2705.00,,13
9393,"Apple iPhone 12 Mini 5G 4GB RAM 256GB",,,,8038.00,,20
9451,"Apple iPhone X 3GB RAM 64GB",,,,3280.00,,2
9501,"Asus ZenFone 9 AI2202 5G Dual SIM 8GB RAM 256GB",,,,8195.00,,9
9529,"Samsung Galaxy A32 SM-A326B 5G Dual SIM 4GB RAM 64GB",,,,3352.00,,7
9531,"Samsung Galaxy S20 SM-G980F Dual SIM 8GB RAM 128GB",,,,9320.00,,6
9536,"Sony Xperia Z1 C6902",,,,92.48,,3
9621,"Nokia 6310 (2021) Dual SIM 16MB RAM",,,,635.00,,16
9631,"Samsung Galaxy S22 Plus SM-S906B 5G Dual SIM 8GB RAM 256GB",,,,11109.00,,15
9777,"Asus ROG Phone 6D 5G Dual SIM 12GB RAM 256GB",,,,9990.00,,8
9778,"Apple iPhone 12 5G 4GB RAM 256GB",,,,9486.00,,38
9894,"Xiaomi Poco X5 5G Dual SIM 8GB RAM 256GB",,,,3409.00,,6
10064,"Xiaomi Mi 11 Lite 5G Dual SIM 6GB RAM 128GB",,,,4395.00,,3
10088,"Apple iPhone 13 Pro Max 5G 8GB RAM 512GB",,,,14990.00,,18
10123,"Motorola Moto G23 Dual SIM 4GB RAM 128GB",,,,1990.00,,16
10172,"Realme GT Neo 3 5G Dual SIM 12GB RAM 256GB",,,,8533.00,,7
10324,"Samsung Galaxy A32 SM-A325F/DS Dual SIM 4GB RAM 128GB",,,,2699.00,,18
10349,"Motorola Edge 20 Pro 5G Dual SIM 12GB RAM 256GB",,,,5990.00,,4
10458,"Apple iPhone 12 Pro 5G 6GB RAM 512GB",,,,11495.00,,7
10512,"Samsung Galaxy S8 SM-G950F 4GB RAM 64GB",,,,5648.34,,2
10522,"Honor 70 5G Dual SIM 8GB RAM 128GB",,,,5232.00,,6
10714,"Samsung Galaxy A21s SM-A217F/DS Dual SIM 3GB RAM 32GB",,,,0.00,,2
11011,"Motorola ThinkPhone 5G Dual SIM 8GB RAM 256GB",,,,9990.00,,12
11027,"Samsung Galaxy Z Flip 4 SM-F721B 5G 8GB RAM 512GB",,,,10100.00,,25
11143,"Honor Magic 4 Lite 5G Dual SIM 6GB RAM 128GB",,,,3581.97,,4
11149,"Huawei P30 Pro Dual SIM 6GB RAM 128GB",,,,0.00,,2
11220,"UleFone Armor 17 Pro Dual SIM 8GB RAM 256GB",,,,3970.00,,5
11255,"Apple iPhone 13 Mini (Product)Red Special Edition 5G 4GB RAM 128GB",,,,8289.00,,34
11275,"Doro 731X",,,,1473.00,,18
11398,"UleFone Armor 18T 5G Dual SIM 12GB RAM 256GB",,,,8390.00,,4
11485,"Samsung Galaxy S20 Plus SM-G986B 5G Dual SIM 12GB RAM 128GB",,,,4480.00,,5
11504,"Asus ROG Phone 7 5G 12GB RAM 256GB",,,,10990.00,,6
11518,"OnePlus Nord 5G Dual SIM 8GB RAM 128GB",,,,2796.00,,2
11665,"Motorola Edge 20 5G Dual SIM 8GB RAM 128GB",,,,3442.00,,14
12647,"Oppo Reno 7 Dual SIM 8GB RAM 128GB",,,,3651.00,,7
12777,"Apple iPhone SE 2022 (3rd Generation) (Product)Red Special Edition 5G 4GB RAM 128GB",,,,3439.00,,41
12895,"Samsung Galaxy A14 SM-A145R Dual SIM 4GB RAM 128GB",,,,2231.00,,31
12936,"Xiaomi 12T Pro 5G Dual SIM 8GB RAM 256GB",,,,7526.00,,12
13009,"Samsung Galaxy A23 5G SM-A236B/DS 5G Dual SIM 4GB RAM 128GB",,,,2979.00,,13
13195,"Samsung Galaxy S20 SM-G981B/DS 5G Dual SIM 12GB RAM 128GB",,,,5979.00,,5
13228,"Apple iPhone 12 Pro Max 5G 6GB RAM 512GB",,,,12295.00,,5
13474,"Microsoft Surface Duo 2 5G Dual SIM 8GB RAM 128GB",,,,12772.00,,5
13492,"Realme GT2 Pro 5G Dual SIM 8GB RAM 128GB",,,,7890.00,,7
13563,"Samsung Galaxy Note 10 Plus SM-N975F/DS Dual SIM 12GB RAM 256GB",,,,11094.65,,3
13745,"Asus ROG Phone 6 AI2201 5G Dual SIM 16GB RAM 512GB",,,,11988.00,,12
13836,"Doro 1382",,,,817.00,,15
13874,"Samsung Galaxy A33 Enterprise Edition SM-A336B/DS 5G Dual SIM 6GB RAM 128GB",,,,3805.00,,14
13928,"Motorola Moto G23 Dual SIM 8GB RAM 128GB",,,,2652.00,,4
14229,"Huawei P40 Lite Dual SIM 6GB RAM 128GB",,,,3050.12,,3
14231,"Samsung Galaxy A51 SM-A515F/DS Dual SIM 4GB RAM 128GB",,,,4490.00,,5
14266,"HTC Desire 22 Pro 5G Dual SIM 8GB RAM 128GB",,,,0.00,,1
14270,"TCL 30+ Dual SIM 4GB RAM 128GB",,,,2494.00,,5
14417,"OnePlus Nord CE 5G Dual SIM 8GB RAM 128GB",,,,3613.86,,2
14763,"Nokia X20 5G Dual SIM 8GB RAM 128GB",,,,3990.00,,4
15182,"Nokia XR20 5G Dual SIM 6GB RAM 128GB",,,,6290.00,,5
15284,"Apple iPhone SE 2022 (3rd Generation) 5G 4GB RAM 256GB",,,,3919.00,,39
15292,"Nokia 215 4G Dual SIM 64MB RAM",,,,0.00,,3
15387,"Samsung Galaxy A53 Enterprise Edition SM-A536B/DS 5G Dual SIM 6GB RAM 128GB",,,,4686.00,,20
15442,"Samsung Galaxy S10 Plus SM-G975F Dual SIM 8GB RAM 128GB",,,,0.00,,2
15512,"Apple iPhone 12 Pro 5G 6GB RAM 256GB",,,,7580.00,,12
15768,"Oppo Find X5 Pro 5G Dual SIM 12GB RAM 256GB",,,,12459.00,,9
15961,"Apple iPhone 7 2GB RAM 32GB",,,,5345.00,,2
16323,"TCL 306 32GB",,,,0.00,,2
16350,"Samsung Galaxy Z Flip 3 SM-F711B 5G 8GB RAM 256GB",,,,8670.00,,19
16417,"Doro 7001H",,,,1288.00,,16
16693,"Oukitel WP15 5G Dual SIM 8GB RAM 128GB",,,,3739.00,,5
16701,"Sony Xperia XZ1 Compact G8441 4GB RAM 32GB",,,,0.00,,2
16704,"Apple iPhone 14 Plus (Product)Red Special Edition 5G 6GB RAM 256GB",,,,12488.00,,35
16775,"Nokia 8110 4G Dual SIM 512MB RAM",,,,0.00,,1
16863,"Apple iPhone SE 2020 (2nd Generation) (Product)Red Special Edition 3GB RAM 256GB",,,,6790.00,,6
16886,"Xiaomi Mi 11 5G Dual SIM 8GB RAM 256GB",,,,5480.00,,2
17093,"CAT S42H+ Dual SIM 3GB RAM 32GB",,,,2389.00,,24
17182,"Motorola Moto G50 5G Dual SIM 4GB RAM 64GB",,,,2490.00,,4
17184,"CAT S53 5G Dual SIM 6GB RAM 128GB",,,,5544.00,,15
17406,"BlackBerry Passport 3GB RAM 32GB",,,,2140.00,,5
17409,"Samsung Galaxy M33 SM-M336B 5G Dual SIM 6GB RAM 128GB",,,,3006.00,,10
17422,"Huawei P20 Pro Dual SIM 6GB RAM 128GB",,,,0.00,,1
17432,"Apple iPhone XR (Product)Red Special Edition 3GB RAM 64GB",,,,5688.00,,9
17495,"Apple iPhone SE 2022 (3rd Generation) (Product)Red Special Edition 5G 4GB RAM 64GB",,,,2679.00,,42
17587,"Apple iPhone 14 Plus (Product)Red Special Edition 5G 6GB RAM 128GB",,,,11948.00,,40
17645,"Nokia 5710 XpressAudio Dual SIM",,,,937.00,,16
17742,"Apple iPhone XS Max 4GB RAM 256GB",,,,5480.00,,2
17930,"Huawei Nova 9 SE Dual SIM 8GB RAM 128GB",,,,2967.00,,4
18017,"Apple iPhone 11 (Product)Red Special Edition 4GB RAM 64GB",,,,6204.00,,13
18093,"Samsung Galaxy S9 SM-G960F/DS Dual SIM 4GB RAM 64GB",,,,6208.25,,3
18245,"Samsung Galaxy A41 SM-A415F/DS Dual SIM 4GB RAM 64GB",,,,2990.00,,4
18285,"Motorola Moto G62 5G Dual SIM 4GB RAM 128GB",,,,2488.00,,3
18407,"Asus ROG Phone 6D Ultimate 5G Dual SIM 16GB RAM 512GB",,,,15488.00,,10
18429,"Samsung Galaxy S7 Edge SM-G935F 4GB RAM 32GB",,,,7339.16,,2
18482,"Xiaomi 12X 5G Dual SIM 8GB RAM 128GB",,,,8043.67,,1
18637,"Doro 8050 2GB RAM 16GB",,,,1729.00,,10
18638,"Xiaomi Redmi 10 Dual SIM 4GB RAM 64GB",,,,2045.00,,14
18792,"Xiaomi Poco X3 NFC Dual SIM 6GB RAM 128GB",,,,2573.96,,2
18942,"Samsung Galaxy S21 Ultra SM-G998B 5G Dual SIM 12GB RAM 256GB",,,,14490.00,,3
19093,"CAT S75 5G Dual SIM 6GB RAM 128GB",,,,6890.00,,13
19120,"Apple iPhone 12 (Product)Red Special Edition 5G 6GB RAM 64GB",,,,5280.00,,39
19141,"Google Pixel 2 XL 4GB RAM 128GB",,,,2777.00,,9
19238,"Apple iPhone 14 (Product)Red Special Edition 5G 6GB RAM 128GB",,,,10475.00,,46
19337,"Samsung Galaxy S9 Plus SM-G965F/DS Dual SIM 6GB RAM 64GB",,,,0.00,,2
19638,"Samsung Galaxy A40 SM-A405FN/DS Dual SIM 4GB RAM 64GB",,,,0.00,,1
19639,"Samsung Galaxy S23 Enterprise Edition SM-S911B 5G Dual SIM 8GB RAM 128GB",,,,11490.00,,19
19671,"Samsung Galaxy A20e SM-A202F/DS Dual SIM 3GB RAM 32GB",,,,0.00,,3
19718,"Motorola Moto G72 Dual SIM 6GB RAM 128GB",,,,3007.00,,8
19738,"Xiaomi Redmi A1 Dual SIM 2GB RAM 32GB",,,,968.00,,12
20026,"Asus ZenFone 8 ZS590KS 5G Dual SIM 8GB RAM 256GB",,,,7690.00,,6
20094,"Samsung Galaxy A34 Enterprise Edition SM-A346B 5G Dual SIM 6GB RAM 128GB",,,,4688.00,,15
20171,"Apple iPhone 7 2GB RAM 128GB",,,,2153.00,,2
20274,"Nokia X10 5G Dual SIM 6GB RAM 64GB",,,,3315.00,,6
20399,"Doro Primo 401",,,,559.00,,11
20456,"Blackview BV7100 Dual SIM 6GB RAM 128GB",,,,2915.00,,5
20733,"Alcatel 3080G",,,,499.00,,4
20766,"Samsung Galaxy Z Fold3 SM-F926B 5G 12GB RAM 512GB",,,,14749.00,,17
20829,"OnePlus Nord CE 5G Dual SIM 12GB RAM 256GB",,,,4500.14,,1
20885,"UleFone Armor 11T 5G Dual SIM 8GB RAM 256GB",,,,7490.00,,3
21159,"Sony Xperia 5 J9210 Dual SIM 6GB RAM 128GB",,,,6100.44,,3
21187,"Motorola Moto E32s Dual SIM 3GB RAM 32GB",,,,1190.00,,11
21326,"OnePlus 8 Pro 5G Dual SIM 12GB RAM 256GB",,,,7490.00,,3
21360,"UleFone Armor X8 Dual SIM 4GB RAM 64GB",,,,1790.00,,4
21509,"Xiaomi Poco F4 GT 5G Dual SIM 12GB RAM 256GB",,,,5690.00,,8
21588,"Xiaomi Black Shark 5 Pro 5G Dual SIM 12GB RAM 256GB",,,,20757.00,,1
21632,"Nokia 6300 4G Dual SIM 512MB RAM",,,,1133.00,,2
21719,"Motorola Moto E22i Dual SIM 2GB RAM 32GB",,,,1218.00,,18
21794,"Apple iPhone 7 Plus 3GB RAM 128GB",,,,2990.00,,2
21840,"Nokia 110 2019 Dual SIM 4MB RAM",,,,353.00,,10
21959,"Sony Xperia 5 II XQ-AS52 5G Dual SIM 8GB RAM 128GB",,,,10928.79,,1
21965,"UleFone Armor 8 Pro Dual SIM 6GB RAM 128GB",,,,2545.00,,9
22027,"Blackview BL6000 Pro 5G",,,,5362.50,,5
22107,"Samsung Galaxy Note 20 SM-N981B/DS 5G Dual SIM 8GB RAM 256GB",,,,0.00,,2
22437,"Motorola Moto G71 5G Dual SIM 6GB RAM 128GB",,,,2886.00,,10
23133,"Huawei Nova 5T Dual SIM 6GB RAM 128GB",,,,4900.95,,2
23160,"Nokia C21 Plus Dual SIM 2GB RAM 32GB",,,,1387.00,,10
23285,"Blackview BV8800",,,,3615.00,,3
23568,"Samsung Galaxy A72 SM-A725F/DS Dual SIM 6GB RAM 128GB",,,,5633.00,,2
23586,"Apple iPhone 11 Pro 4GB RAM 256GB",,,,5880.00,,6
23663,"Nokia G50 5G Dual SIM 4GB RAM 128GB",,,,2698.00,,12
23863,"Apple iPhone 11 Pro Max 4GB RAM 256GB",,,,0.00,,2
23970,"Apple iPhone XS Max 4GB RAM 64GB",,,,0.00,,1
23996,"Realme GT Master 5G Dual SIM 6GB RAM 128GB",,,,3785.00,,2
24421,"UleFone Power Armor 13 Dual SIM 8GB RAM 256GB",,,,4290.00,,7
24560,"Xiaomi Redmi Note 11 Pro 5G Dual SIM 6GB RAM 64GB",,,,3490.00,,4
24599,"Xiaomi Redmi 10 5G Dual SIM 4GB RAM 64GB",,,,1964.00,,9
24720,"TCL 403 Dual SIM 2GB RAM 32GB",,,,939.00,,6
24969,"Xiaomi Redmi 10C Dual SIM 4GB RAM 128GB",,,,2026.00,,13
25026,"Realme 9 Pro 5G Dual SIM 6GB RAM 128GB",,,,3390.00,,6
25255,"Xiaomi Poco F3 5G Dual SIM 6GB RAM 128GB",,,,4099.00,,6
25259,"Apple iPhone 13 Pro 5G 6GB RAM 1TB",,,,15095.00,,18
25296,"Realme GT2 Pro 5G Dual SIM 12GB RAM 256GB",,,,8460.00,,7
25351,"Apple iPhone 6s 2GB RAM 64GB",,,,8543.00,,4
25716,"Motorola Moto G22 Dual SIM 4GB RAM 128GB",,,,1990.00,,2
25718,"Motorola Defy 2021 Dual SIM 4GB RAM 64GB",,,,2276.00,,11
25725,"Xiaomi Poco C40 Dual SIM 4GB RAM 64GB",,,,1809.00,,7
25772,"Xiaomi Mi 11i 5G Dual SIM 8GB RAM 256GB",,,,0.00,,3
25792,"Realme GT Neo 2 5G Dual SIM 8GB RAM 128GB",,,,0.00,,1
25817,"Samsung Galaxy A50 SM-A505FN/DS Dual SIM 4GB RAM 128GB",,,,0.00,,4
25936,"Xiaomi Poco X4 GT 5G Dual SIM 8GB RAM 256GB",,,,0.00,,1
26053,"Samsung Galaxy A52s Enterprise Edition SM-A528B 5G Dual SIM 6GB RAM 128GB",,,,4581.00,,10
26120,"Cubot Pocket Dual SIM 4GB RAM 64GB",,,,2260.00,,5
26127,"Microsoft Surface Duo Dual SIM 6GB RAM 256GB",,,,10440.32,,2
26145,"Google Pixel 5 5G Dual SIM 8GB RAM 128GB",,,,0.00,,1
26400,"Alcatel 1B (2022) 5031G Dual SIM 2GB RAM 32GB",,,,1054.00,,6
26458,"Samsung Galaxy Note 10 SM-N970F/DS Dual SIM 8GB RAM 256GB",,,,0.00,,3
26983,"Samsung Galaxy A8 2018 SM-A530F/DS Dual SIM 4GB RAM 32GB",,,,0.00,,2
27004,"Nokia 5310 (2020) Dual SIM 8GB RAM",,,,585.00,,10
27109,"TCL 20R 5G Dual SIM 4GB RAM 64GB",,,,2002.72,,12
27162,"Realme 9 Pro+ 5G Dual SIM 8GB RAM 256GB",,,,4554.51,,2
27334,"UleFone Power Armor 16 Pro Dual SIM 4GB RAM 64GB",,,,2749.00,,7
27404,"Samsung Galaxy Note 10 Lite SM-N770F/DS Dual SIM 6GB RAM 128GB",,,,0.00,,2
27739,"UleFone Armor 15 Dual SIM 6GB RAM 128GB",,,,3190.00,,6
27950,"Nokia C2 2nd Edition Dual SIM 2GB RAM 32GB",,,,1490.00,,5
28011,"Doro 2424 8MB RAM",,,,803.99,,10
28210,"CAT S42 Dual SIM 3GB RAM 32GB",,,,3176.00,,3
28247,"Gigaset GS5 Dual SIM 128GB",,,,2935.00,,5
28471,"Motorola Razr 5G Dual SIM 8GB RAM 256GB",,,,10995.00,,2
28545,"Alcatel 3082X",,,,739.00,,9
28723,"Samsung Galaxy M23 SM-M236B/DS 5G Dual SIM 4GB RAM 128GB",,,,2353.00,,10
28819,"Motorola Moto G42 Dual SIM 4GB RAM 64GB",,,,2292.00,,9
28841,"Xiaomi 11T Pro 5G Dual SIM 8GB RAM 128GB",,,,4767.00,,11
29301,"Cubot King Kong Mini 2 Dual SIM 3GB RAM 32GB",,,,1680.00,,7
29437,"Samsung Galaxy A12 SM-A125F/DS Dual SIM 4GB RAM 64GB",,,,2145.00,,3
29533,"Maxcom MM111",,,,153.00,,4
29551,"Fairphone 3+ Dual SIM 4GB RAM 64GB",,,,4899.00,,2
29644,"OnePlus Nord N100 Dual SIM 4GB RAM 64GB",,,,0.00,,1
29921,"Apple iPhone SE 2GB RAM 64GB",,,,0.00,,2
30044,"Huawei P20 Lite Dual SIM 4GB RAM 64GB",,,,0.00,,2
30243,"Nokia G60 5G Dual SIM 4GB RAM 64GB",,,,3312.00,,13
30253,"Huawei P30 Lite Dual SIM 4GB RAM 128GB",,,,0.00,,1
30337,"Apple iPhone 14 (Product)Red Special Edition 5G 6GB RAM 512GB",,,,12490.00,,35
30543,"Apple iPhone 14 Plus (Product)Red Special Edition 5G 6GB RAM 512GB",,,,12490.00,,32
30686,"Xiaomi Redmi Note 11 Pro+ 5G Dual SIM 6GB RAM 128GB",,,,4338.00,,6
30764,"Samsung Galaxy S22 Enterprise Edition SM-S901B 5G Dual SIM 8GB RAM 128GB",,,,7959.00,,10
30921,"Samsung Galaxy S20 FE SM-G780G Dual SIM 6GB RAM 128GB",,,,5795.00,,2
31250,"Xiaomi Redmi Note 11 Dual SIM 6GB RAM 128GB",,,,3370.00,,4
31253,"Samsung Galaxy A22 SM-A226B 5G Dual SIM 4GB RAM 128GB",,,,4904.00,,4
31257,"Xiaomi Poco C40 Dual SIM 3GB RAM 32GB",,,,1479.00,,8
32200,"Motorola Moto E22 Dual SIM 3GB RAM 32GB",,,,1221.00,,7
32219,"Xiaomi Poco F4 5G Dual SIM 8GB RAM 256GB",,,,5454.00,,4
32252,"Xiaomi Redmi Note 10 Pro Dual SIM 6GB RAM 64GB",,,,2697.00,,7
32277,"Denver BAS-18300M Dual SIM",,,,341.00,,8
32373,"Xiaomi Redmi Note 11 Dual SIM 4GB RAM 64GB",,,,2175.00,,10
32501,"Xiaomi Redmi Note 11 Pro 5G Dual SIM 8GB RAM 128GB",,,,4446.00,,7
33070,"Xiaomi Redmi Note 11 Pro+ 5G Dual SIM 8GB RAM 256GB",,,,4873.00,,8
33774,"Doogee S88 Pro Dual SIM 6GB RAM 128GB",,,,2139.20,,2
34041,"Huawei Nova 10 Pro Dual SIM 8GB RAM 256GB",,,,11942.00,,2
34092,"Huawei Mate 20 Pro Dual SIM 6GB RAM 128GB",,,,7212.92,,2
34093,"Samsung Galaxy A22 SM-A225F/DS Dual SIM 4GB RAM 64GB",,,,0.00,,1
34108,"Samsung Galaxy S6 SM-G920F 3GB RAM 32GB",,,,0.00,,3
34524,"Google Pixel 4a Dual SIM 6GB RAM 128GB",,,,0.00,,1
34552,"Doro 8100",,,,2537.00,,8
34715,"Apple iPhone 6 1GB RAM 16GB",,,,0.00,,3
34773,"Samsung Galaxy A70 SM-A705F/DS Dual SIM 6GB RAM 128GB",,,,0.00,,2
34820,"Beafon SL880 Touch",,,,1551.00,,4
35006,"OnePlus 8 5G Dual SIM 8GB RAM 128GB",,,,0.00,,1
35027,"TCL 30 Dual SIM 4GB RAM 64GB",,,,2230.00,,5
35437,"Samsung Galaxy M13 SM-M135F/DS Dual SIM 4GB RAM 64GB",,,,1896.00,,11
35524,"Samsung Galaxy M53 SM-M536B/DS 5G Dual SIM 6GB RAM 128GB",,,,4676.00,,7
35588,"Apple iPhone SE 2020 (2nd Generation) (Product)Red Special Edition 3GB RAM 128GB",,,,3499.00,,11
35676,"Sony Xperia 10 I4113 Dual SIM 3GB RAM 64GB",,,,0.00,,2
35743,"MyPhone Hammer Rock Dual SIM 32MB RAM",,,,0.00,,2
35834,"Apple iPhone 13 Mini (Product)Red Special Edition 5G 4GB RAM 512GB",,,,10243.00,,28
36112,"Huawei Mate 50 Pro 8GB RAM 512GB",,,,14201.00,,2
36129,"Samsung Galaxy Xcover 4 SM-G390F 2GB RAM 16GB",,,,0.00,,2
36144,"Doro 1378",,,,999.00,,1
36407,"Xiaomi Poco X3 Pro Dual SIM 6GB RAM 128GB",,,,3389.00,,3
36681,"Doogee V20 5G Dual SIM 8GB RAM 256GB",,,,4269.30,,3
36736,"Doro 6041 Dual SIM",,,,1275.00,,15
36766,"Nokia G50 5G Dual SIM 4GB RAM 64GB",,,,2410.00,,6
36983,"Huawei P50 Pocket Dual SIM 8GB RAM 256GB",,,,9990.00,,6
37041,"Gigaset GX6 5G Dual SIM 6GB RAM 128GB",,,,7379.00,,6
37195,"Apple iPhone SE 2022 (3rd Generation) (Product)Red Special Edition 5G 4GB RAM 256GB",,,,7990.00,,30
37282,"Samsung Galaxy Note 8 SM-N950F/DS Dual SIM 6GB RAM 64GB",,,,0.00,,2
37908,"Nokia 130 2017 Dual SIM 4MB RAM",,,,346.00,,12
37943,"UleFone Power Armor 14 Dual SIM 4GB RAM 64GB",,,,2499.00,,3
37983,"Nokia 2.4 Dual SIM 2GB RAM 32GB",,,,1139.00,,1
38047,"Apple iPhone 11 4GB RAM 256GB",,,,9499.00,,6
38063,"Maxcom MM135 Dual SIM 32MB RAM",,,,196.00,,2
38450,"Apple iPhone 8 Plus 3GB RAM 64GB",,,,5165.00,,4
38459,"Samsung Galaxy Z Fold2 SM-F916B 5G 12GB RAM 256GB",,,,21840.36,,2
38568,"Realme 9 Dual SIM 8GB RAM 128GB",,,,3170.00,,2
38597,"Xiaomi Poco M4 Pro Dual SIM 8GB RAM 256GB",,,,3553.00,,2
38616,"Motorola Moto G13 Dual SIM 4GB RAM 128GB",,,,2183.00,,8
38632,"Xiaomi Mi 10T Lite 5G Dual SIM 6GB RAM 128GB",,,,3876.90,,3
38695,"Apple iPhone 13 (Product)Red Special Edition 5G 4GB RAM 256GB",,,,9990.00,,34
38981,"Xiaomi Redmi Note 11 Pro Dual SIM 6GB RAM 128GB",,,,3381.41,,11
38982,"Oppo Reno8 Lite 5G Dual SIM 8GB RAM 128GB",,,,3445.00,,4
38991,"UleFone Power Armor 14 Pro Dual SIM 6GB RAM 128GB",,,,3149.00,,4
39213,"Vivo X80 Pro 5G Dual SIM 12GB RAM 256GB",,,,26336.00,,2
39442,"Doro 2404 Dual SIM 16MB RAM",,,,626.00,,4
39558,"Motorola Moto G42 Dual SIM 4GB RAM 128GB",,,,2508.00,,3
39794,"TCL 30E Dual SIM 3GB RAM 64GB",,,,1414.00,,8
39841,"Samsung Galaxy M13 SM-M135F/DS Dual SIM 4GB RAM 128GB",,,,2408.00,,11
39952,"Doro 780X Dual SIM 512MB RAM",,,,1585.00,,19
39969,"Samsung Galaxy A10 SM-A105F/DS Dual SIM 2GB RAM 32GB",,,,0.00,,2
39998,"Xiaomi Redmi Note 10S Dual SIM 6GB RAM 64GB",,,,2232.00,,6
40012,"Xiaomi Poco F2 Pro 5G Dual SIM 6GB RAM 128GB",,,,6028.99,,1
40085,"Nokia X30 5G Dual SIM 6GB RAM 128GB",,,,5196.00,,20
40106,"OnePlus Nord 5G Dual SIM 12GB RAM 256GB",,,,5690.00,,2
40175,"Doro 6061",,,,1315.00,,4
40207,"Sony Xperia L1 G3311 2GB RAM 16GB",,,,1455.77,,1
40627,"Sony Xperia XA1 Ultra G3221 4GB RAM 32GB",,,,3186.63,,2
40835,"Apple iPhone 8 2GB RAM 128GB",,,,2239.00,,3
41014,"Doro 7031",,,,1785.00,,6
41200,"Apple iPhone 7 Plus 3GB RAM 256GB",,,,3313.00,,3
41262,"Samsung Galaxy S21 Plus SM-G996B 5G Dual SIM 8GB RAM 256GB",,,,11990.00,,10
41308,"Honor X8 Dual SIM 6GB RAM 128GB",,,,2253.00,,7
41390,"Oppo A17 Dual SIM 4GB RAM 64GB",,,,1990.00,,7
41493,"Xiaomi Poco X5 Pro 5G Dual SIM 6GB RAM 128GB",,,,4390.00,,5
41513,"Cubot King Kong Mini 2 Pro Dual SIM 4GB RAM 64GB",,,,2249.00,,4
41916,"Panasonic KX-TU466 Dual SIM",,,,1184.00,,9
41942,"Apple iPhone 14 (Product)Red Special Edition 5G 6GB RAM 256GB",,,,11743.00,,41
42058,"Nokia G60 5G Dual SIM 4GB RAM 128GB",,,,3188.00,,11
42074,"Xiaomi Poco F3 5G Dual SIM 8GB RAM 256GB",,,,5207.00,,3
42125,"UleFone Armor X7 Pro Dual SIM 4GB RAM 32GB",,,,1679.00,,5
42216,"Xiaomi Redmi Note 10 5G Dual SIM 4GB RAM 128GB",,,,3028.00,,7
42281,"UleFone Armor X10 Dual SIM 4GB RAM 32GB",,,,1790.00,,8
42292,"Xiaomi Black Shark 4 5G 12GB RAM 256GB",,,,8370.00,,1
42378,"Apple iPhone 12 (Product)Red Special Edition 5G 6GB RAM 128GB",,,,8490.00,,32
42452,"Samsung Galaxy A42 SM-A426B/DS 5G Dual SIM 4GB RAM 128GB",,,,0.00,,1
42599,"Samsung Galaxy A13 SM-A137F/DS Dual SIM 3GB RAM 32GB",,,,1799.00,,11
42812,"Xiaomi Poco M4 Pro 5G Dual SIM 4GB RAM 64GB",,,,2044.00,,8
42955,"Apple iPhone 13 Mini (Product)Red Special Edition 5G 4GB RAM 256GB",,,,9290.00,,34
43332,"OnePlus 9 5G Dual SIM 12GB RAM 256GB",,,,8690.00,,3
43412,"UleFone Armor X6 Pro Dual SIM 4GB RAM 32GB",,,,1784.00,,2
43581,"Cubot J10 Dual SIM 1GB RAM 32GB",,,,771.98,,4
43965,"Samsung Galaxy S23 Ultra Enterprise Edition SM-S918B 5G Dual SIM 12GB RAM 512GB",,,,24216.00,,2
44452,"Nokia 125 (2020) Dual SIM 4MB RAM",,,,365.00,,10
44918,"Doogee S98 Dual SIM 8GB RAM 256GB",,,,4411.00,,2
44940,"CAT S61 Dual SIM 4GB RAM 64GB",,,,0.00,,2
45224,"TCL 305 (2022)",,,,1290.00,,1
45258,"Nokia 150 Dual SIM 16MB RAM",,,,583.47,,4
45467,"Nokia G20 Dual SIM 4GB RAM 64GB",,,,0.00,,2
45624,"Sony Xperia XZ Premium G8141 4GB RAM 64GB",,,,0.00,,1
45702,"Emporia Touch Smart 2",,,,1565.00,,5
45841,"Sony Xperia Z5 Compact E5823 2GB RAM 32GB",,,,0.00,,1
45899,"Xiaomi Mi 10 5G 8GB RAM 256GB",,,,7182.00,,1
45957,"OnePlus 8 Pro 5G Dual SIM 8GB RAM 128GB",,,,0.00,,1
46019,"Oukitel WP12 32GB",,,,1679.00,,5
46098,"Vivo Y76 5G Dual SIM 8GB RAM 128GB",,,,3635.00,,6
46138,"Doro 5517",,,,1995.00,,2
46147,"Xiaomi Poco X5 5G Dual SIM 6GB RAM 128GB",,,,3488.00,,5
46329,"Oukitel WP17",,,,3505.00,,5
46425,"Samsung Galaxy A03 SM-A035G/DS Dual SIM 4GB RAM 64GB",,,,0.00,,1
46431,"Huawei P Smart 2019 Dual SIM 3GB RAM 64GB",,,,0.00,,1
46571,"Nokia Lumia 630 512MB RAM",,,,0.00,,1
46594,"Apple iPhone 6s 2GB RAM 32GB",,,,0.00,,1
46630,"Denver FAS-1805 Dual SIM",,,,278.00,,2
47508,"LG V30 H930 4GB RAM 64GB",,,,9667.16,,2
47511,"Xiaomi Poco M5 Dual SIM 4GB RAM 128GB",,,,2397.00,,6
47645,"Doogee S98 Pro Dual SIM 8GB RAM 256GB",,,,7944.00,,1
47698,"Blackview BV6600 Pro Dual SIM 4GB RAM 64GB",,,,3988.00,,4
47716,"Xiaomi Poco F4 GT 5G Dual SIM 8GB RAM 128GB",,,,6486.00,,8
47753,"Xiaomi 13 Lite 5G Dual SIM 8GB RAM 128GB",,,,5317.00,,3
47918,"Cubot Max 3 Dual SIM 4GB RAM 64GB",,,,2500.00,,5
48212,"UleFone Power Armor 14 Pro Dual SIM 8GB RAM 128GB",,,,4339.00,,2
48225,"AGM Glory Pro 5G Dual SIM 8GB RAM 256GB",,,,8995.00,,1
48333,"Xiaomi Redmi 10 2022 Dual SIM 4GB RAM 64GB",,,,1878.00,,7
48548,"Microsoft Surface Duo Dual SIM 6GB RAM 128GB",,,,11298.61,,1
48553,"Samsung Galaxy Xcover 4s SM-G398F Dual SIM 3GB RAM 32GB",,,,1299.00,,3
48687,"Xiaomi Mi Note 10 Dual SIM 6GB RAM 128GB",,,,6990.00,,2
48739,"Doro 7011",,,,990.00,,2
48763,"Microsoft Surface Duo 2 5G Dual SIM 8GB RAM 256GB",,,,0.00,,2
48773,"Xiaomi 12T 5G Dual SIM 8GB RAM 256GB",,,,6474.00,,6
48812,"MyPhone Up Smart Dual SIM 512MB RAM",,,,429.00,,4
49022,"Samsung Galaxy S23 Ultra Enterprise Edition SM-S918B 5G Dual SIM 8GB RAM 256GB",,,,17490.00,,14
49027,"Samsung GT-E1200",,,,0.00,,1
49376,"Swisstone SC 330 Dual SIM",,,,301.00,,6
49491,"Samsung Galaxy S20 FE SM-G781B 5G 6GB RAM 128GB",,,,7547.00,,5
49579,"Oppo Find X5 Lite 5G Dual SIM 8GB RAM 256GB",,,,4676.00,,7
49734,"Realme GT Neo 2 5G Dual SIM 12GB RAM 256GB",,,,0.00,,1
49880,"OnePlus 8T 5G Dual SIM 8GB RAM 128GB",,,,6856.00,,2
49947,"Doro 6060 Dual SIM 512MB RAM",,,,975.00,,7
50194,"Samsung Galaxy S10 Lite SM-G770F/DS Dual SIM 8GB RAM 128GB",,,,0.00,,3
50869,"Nokia 3310 2017 16MB RAM",,,,795.00,,2
51192,"Realme C21Y Dual SIM 4GB RAM 64GB",,,,1490.00,,5
51642,"Xiaomi Mi 10T 5G Dual SIM 8GB RAM 128GB",,,,0.00,,2
51689,"Motorola Edge+ 5G 12GB RAM 256GB",,,,9990.00,,3
51790,"Samsung Galaxy A03s SM-A037G Dual SIM 3GB RAM 32GB",,,,2190.00,,4
51809,"Motorola Moto G60s Dual SIM 6GB RAM 128GB",,,,0.00,,3
51900,"Realme 9 5G Dual SIM 4GB RAM 128GB",,,,2649.00,,10
52202,"Nokia C31 Dual SIM 4GB RAM 64GB",,,,2390.00,,1
52287,"Apple iPhone SE 2020 (2nd Generation) (Product)Red Special Edition 3GB RAM 64GB",,,,2479.00,,9
52325,"Samsung Galaxy S21 Ultra SM-G998B 5G Dual SIM 16GB RAM 512GB",,,,15990.00,,1
52475,"Huawei P30 Pro Dual SIM 8GB RAM 256GB",,,,0.00,,2
52487,"Apple iPhone SE 2GB RAM 16GB",,,,0.00,,2
52690,"Oppo A96 Dual SIM 8GB RAM 128GB",,,,3330.00,,5
53067,"Apple iPhone 13 (Product)Red Special Edition 5G 4GB RAM 512GB",,,,11182.00,,30
53242,"Oppo Find X3 Neo 5G Dual SIM 12GB RAM 256GB",,,,5139.00,,6
53290,"Motorola Edge 5G Dual SIM 6GB RAM 128GB",,,,6164.00,,2
53310,"Xiaomi Redmi Note 10 5G Dual SIM 4GB RAM 64GB",,,,2928.00,,4
53490,"Apple iPhone 8 2GB RAM 256GB",,,,3430.00,,1
54066,"MyPhone Hammer 4 Dual SIM 64MB RAM",,,,736.00,,3
54558,"OnePlus 7 Pro Dual SIM 8GB RAM 256GB",,,,9309.96,,1
54578,"UleFone Armor X11 Pro Dual SIM 4GB RAM 64GB",,,,2449.00,,3
54811,"Samsung Galaxy A3 2017 SM-A320F 2GB RAM 16GB",,,,0.00,,1
54813,"Alcatel 1068D",,,,228.00,,11
55104,"Samsung Galaxy S III GT-i9300 1GB RAM 16GB",,,,0.00,,1
55223,"Huawei P Smart Z Dual SIM 4GB RAM 64GB",,,,2965.00,,2
55395,"Xiaomi Mi A2 Dual SIM 4GB RAM 64GB",,,,3379.63,,1
55538,"Samsung Galaxy S20 FE SM-G781B/DS 5G Dual SIM 8GB RAM 256GB",,,,8395.30,,5
55760,"ZTE Blade A31 Lite Dual SIM 1GB RAM 32GB",,,,945.00,,6
55875,"Google Pixel 6 Pro 5G Dual SIM 12GB RAM 256GB",,,,10673.00,,11
55905,"Samsung Galaxy A02s SM-A025G/DS Dual SIM 3GB RAM 32GB",,,,2152.00,,3
55909,"ZTE Blade A31 Dual SIM 2GB RAM 32GB",,,,1055.00,,6
55956,"Samsung Galaxy Xcover 3 VE SM-G389F 1.5GB RAM",,,,0.00,,1
56260,"Apple iPhone 7 2GB RAM 256GB",,,,2569.00,,2
56271,"ZTE Nubia Red Magic 6R 5G Dual SIM 12GB RAM 256GB",,,,6652.00,,3
56645,"Huawei Mate 10 Pro Dual SIM 6GB RAM 128GB",,,,7508.64,,2
56687,"Samsung Galaxy A13 SM-A137F/DS Dual SIM 4GB RAM 128GB",,,,2241.00,,11
56884,"Xiaomi Redmi Note 9 Pro Dual SIM 6GB RAM 64GB",,,,2433.84,,4
56894,"Xiaomi Redmi 9C Dual SIM 2GB RAM 32GB",,,,1330.00,,10
57169,"Nokia G21 Dual SIM 4GB RAM 128GB",,,,2490.00,,5
57975,"LG G8s ThinQ LMG810 Dual SIM 6GB RAM 128GB",,,,0.00,,1
58005,"Xiaomi Redmi Note 11S Dual SIM 6GB RAM 64GB",,,,2376.00,,9
58156,"Asus ROG Phone 6 Batman Edition 5G Dual SIM 12GB RAM 256GB",,,,13499.00,,1
58452,"Nokia 9 PureView Dual SIM 6GB RAM 128GB",,,,0.00,,2
58788,"Motorola Moto G52 Dual SIM 6GB RAM 128GB",,,,3349.00,,3
59599,"Cyrus Technology CS45 XA 4GB RAM 64GB",,,,2306.54,,9
60163,"UleFone Armor X10 Pro Dual SIM 4GB RAM 64GB",,,,1999.00,,2
60202,"UleFone Armor 12 5G Dual SIM 8GB RAM 128GB",,,,4167.00,,6
60221,"Sony Xperia X Compact F5321 3GB RAM 32GB",,,,0.00,,1
60223,"Apple iPhone XS Max 4GB RAM 512GB",,,,9990.00,,2
60240,"Apple iPhone 5s 1GB RAM 16GB",,,,0.00,,2
60248,"Honor X8 5G Dual SIM 6GB RAM 128GB",,,,2939.00,,4
60317,"Oppo Reno6 5G 8GB RAM 128GB",,,,4950.00,,8
60680,"Xiaomi Redmi Note 11 Pro Dual SIM 6GB RAM 64GB",,,,3490.00,,4
60923,"Doro 6031",,,,0.00,,2
61437,"Alcatel OneTouch 2053D 4MB RAM 32GB",,,,389.00,,3
61626,"Samsung Galaxy J3 SM-J320F 1.5GB RAM 8GB",,,,0.00,,1
61693,"Doro PhoneEasy 530X",,,,0.00,,2
61783,"Huawei Nova Y90 Dual SIM 6GB RAM 128GB",,,,2856.00,,5
61908,"Xiaomi Redmi 10A Dual SIM 4GB RAM 128GB",,,,1957.00,,5
62026,"Huawei P40 5G Dual SIM 8GB RAM 128GB",,,,9487.00,,4
62208,"Oukitel WP20 Dual SIM 4GB RAM 32GB",,,,1897.00,,6
62378,"Samsung Galaxy A80 SM-A805F/DS Dual SIM 8GB RAM 128GB",,,,0.00,,1
62431,"Doro 6040",,,,828.00,,9
62578,"Motorola Moto G72 Dual SIM 8GB RAM 128GB",,,,3359.00,,4
62687,"Google Nexus 5X H791 2GB RAM 16GB",,,,4795.00,,2
62928,"Xiaomi Redmi Note 10 Pro Dual SIM 8GB RAM 128GB",,,,3461.00,,1
62938,"Apple iPhone 12 Mini (Product)Red Special Edition 5G 4GB RAM 256GB",,,,8990.00,,12
63034,"Samsung Galaxy Z Flip SM-F707B 5G Dual SIM 8GB RAM 256GB",,,,10362.00,,7
63054,"Nokia 5.4 Dual SIM 4GB RAM 128GB",,,,2476.36,,1
63207,"TCL 30SE Dual SIM 4GB RAM 128GB",,,,1908.00,,9
63757,"CAT B26 Dual SIM 8MB RAM",,,,778.00,,13
63789,"Realme C33 Dual SIM 4GB RAM 64GB",,,,1958.00,,10
63811,"Sony Xperia 10 II Dual XQ-AU52 Dual SIM 4GB RAM 128GB",,,,0.00,,1
63814,"Realme GT Neo 3T 5G Dual SIM 8GB RAM 128GB",,,,0.00,,1
64149,"Xiaomi Redmi 9C NFC Dual SIM 4GB RAM 128GB",,,,2180.00,,7
64628,"Apple iPhone 12 Mini (Product)Red Special Edition 5G 4GB RAM 64GB",,,,7385.00,,7
64643,"Huawei Y6p Dual SIM 3GB RAM 64GB",,,,1363.00,,2
64715,"Xiaomi Poco M5s Dual SIM 4GB RAM 64GB",,,,2426.00,,4
65047,"Doro 1385",,,,990.00,,1
65331,"Cyrus Technology CM17 Dual SIM 2GB RAM 16GB",,,,2266.00,,5
65481,"Apple iPhone XR 3GB RAM 256GB",,,,4980.00,,2
65519,"Sony Xperia XZ2 H8266 Dual SIM 4GB RAM 64GB",,,,0.00,,1
65711,"Apple iPhone 12 Mini (Product)Red Special Edition 5G 4GB RAM 128GB",,,,7740.00,,10
65805,"Swisstone SC 230 Dual SIM",,,,199.00,,6
65950,"Denver BAS-24200M Dual SIM",,,,447.00,,11
65982,"UleFone Armor 10 5G 8GB RAM",,,,8171.00,,1
66111,"Google Pixel 3 XL 4GB RAM 128GB",,,,3777.00,,2
66148,"Vivo Y21 64GB",,,,2145.00,,5
66360,"UleFone Armor X9 Pro Dual SIM 4GB RAM 64GB",,,,1977.00,,9
66542,"Microsoft Lumia 650 1GB RAM 16GB",,,,1590.00,,6
66649,"Blackview BL8800 Pro 5G 8GB RAM 128GB",,,,5615.00,,4
66944,"Oppo A77 5G Dual SIM 4GB RAM 64GB",,,,2580.00,,8
67072,"Xiaomi Mi 11 Lite 5G Dual SIM 8GB RAM 128GB",,,,4690.00,,3
67140,"Asus ROG Phone 5s ZS676KS 5G Dual SIM 16GB RAM 512GB",,,,11986.00,,1
67296,"Xiaomi Poco M5 Dual SIM 4GB RAM 64GB",,,,1880.00,,9
67314,"Huawei Y3II Dual SIM 1GB RAM",,,,0.00,,1
67330,"Samsung Galaxy S21 Enterprise Edition SM-G991B 5G Dual SIM 8GB RAM 128GB",,,,8748.00,,6
67681,"ZTE Nubia Red Magic 7 5G Dual SIM 16GB RAM 256GB",,,,10470.00,,3
67825,"Doro 8100 Plus",,,,2683.00,,5
67852,"Nokia 1.3 Dual SIM 1GB RAM 16GB",,,,1144.00,,4
67892,"Doro 5860",,,,1293.00,,7
68078,"Motorola Moto E22 Dual SIM 4GB RAM 64GB",,,,1524.00,,17
68517,"Asus ROG Phone 6 Diablo Edition AI2201 5G Dual SIM 16GB RAM 512GB",,,,14488.00,,5
68529,"Realme C35 Dual SIM 4GB RAM 128GB",,,,2940.00,,7
68791,"Elari NanoPhone",,,,399.00,,1
68815,"Xiaomi Mi 9T Pro (Redmi K20 Pro) Dual SIM 6GB RAM 128GB",,,,4668.87,,1
69094,"Oukitel C25 Dual SIM 4GB RAM 32GB",,,,1226.00,,4
69117,"Honor X7 Dual SIM 4GB RAM 128GB",,,,1981.00,,7
69174,"Samsung Galaxy M52 SM-M526B 5G Dual SIM 6GB RAM 128GB",,,,4675.86,,3
69341,"Artfone CS188 Dual SIM",,,,445.00,,1
69513,"Samsung Galaxy A7 2018 SM-A750FN/DS Dual SIM 4GB RAM 64GB",,,,0.00,,1
69606,"Realme GT2 5G Dual SIM 12GB RAM 256GB",,,,7123.00,,7
69712,"Oppo Reno8 Pro 5G Dual SIM 8GB RAM 256GB",,,,10114.00,,6
69715,"Samsung Galaxy M53 SM-M536B/DS 5G Dual SIM 8GB RAM 128GB",,,,5660.00,,5
69933,"Apple iPhone 5c 1GB RAM 8GB",,,,0.00,,2
70107,"Panasonic KX-TU160",,,,750.00,,6
70169,"Oppo Find X5 5G Dual SIM 8GB RAM 256GB",,,,9792.00,,7
70367,"Realme GT 5G 8GB RAM 128GB",,,,0.00,,2
70655,"Realme 9i Dual SIM 4GB RAM 128GB",,,,2576.00,,9
70666,"Infinix Hot 11 Dual SIM 4GB RAM 128GB",,,,1890.00,,3
70949,"Xiaomi Mi Note 10 Lite Dual SIM 6GB RAM 128GB",,,,4387.82,,1
71181,"Emporia Happy",,,,397.00,,4
71527,"Apple iPhone 6s Plus 2GB RAM 32GB",,,,0.00,,1
71911,"Mikamax MM Mini Cellphone",,,,245.00,,6
72240,"Realme C35 Dual SIM 4GB RAM 64GB",,,,2650.00,,5
72964,"UleFone Armor 8 Dual SIM 4GB RAM 64GB",,,,2099.00,,8
73419,"Samsung Galaxy S23 Enterprise Edition SM-S911B 5G Dual SIM 8GB RAM 256GB",,,,14539.00,,4
73685,"Nokia 6.1 Dual SIM 3GB RAM 32GB",,,,2199.00,,1
73720,"Huawei Mate 10 Lite Dual SIM 4GB RAM 64GB",,,,3747.10,,2
74273,"Oukitel WP12 Pro Dual SIM 4GB RAM 64GB",,,,1847.00,,6
74318,"Oukitel WP15S Dual SIM 4GB RAM 64GB",,,,3113.00,,5
74480,"Samsung Galaxy A12 SM-A127F/DS Dual SIM 4GB RAM 64GB",,,,2852.41,,2
74520,"Realme C21 Dual SIM 32GB",,,,2229.00,,3
74580,"Beafon C70 Dual SIM",,,,245.00,,6
74841,"Realme X50 Pro 5G 12GB RAM 256GB",,,,5990.00,,2
75005,"Asus ROG Phone 7 5G 16GB RAM 512GB",,,,13490.00,,7
75056,"Vivo Y72 5G 128GB",,,,3912.00,,6
75157,"Realme C33 Dual SIM 4GB RAM 128GB",,,,2160.00,,4
75557,"Realme 9 Dual SIM 6GB RAM 128GB",,,,3605.00,,5
75633,"Doro 730X",,,,1390.00,,5
75693,"Huawei Nova 10 SE Dual SIM 8GB RAM 128GB",,,,4090.00,,5
75732,"Motorola Moto G9 Power Dual SIM 4GB RAM 128GB",,,,0.00,,1
75909,"Xiaomi 11T 5G Dual SIM 8GB RAM 256GB",,,,5719.00,,6
75910,"Samsung Galaxy S7 SM-G930F 4GB RAM 32GB",,,,0.00,,1
76067,"CAT S60 Dual SIM 3GB RAM 32GB",,,,0.00,,2
76232,"Xiaomi Poco F4 5G Dual SIM 6GB RAM 128GB",,,,6578.00,,2
76648,"Oukitel K15 Pro",,,,2649.00,,2
76833,"TCL 30 5G Dual SIM 4GB RAM 64GB",,,,2477.00,,5
76913,"Samsung Galaxy M31 SM-M315F/DS Dual SIM 6GB RAM 64GB",,,,2455.14,,1
77034,"Sony Xperia E5 F3311 1.5GB RAM 16GB",,,,0.00,,1
77057,"Doro 1370 Dual SIM 8MB RAM",,,,690.00,,6
77130,"MTK The World's Smallest Mobile Phone",,,,0.00,,1
77150,"Nokia 7.2 Dual SIM 6GB RAM 128GB",,,,4052.40,,2
77264,"Oppo A74 5G 128GB",,,,2880.00,,5
77295,"Honor 50 5G Dual SIM 6GB RAM 128GB",,,,8330.00,,4
77329,"ZTE Nubia Red Magic 7 5G Dual SIM 18GB RAM 256GB",,,,0.00,,3
77616,"Xiaomi Redmi Note 11S 5G Dual SIM 4GB RAM 128GB",,,,2798.00,,9
77628,"Honor 8 Dual SIM 4GB RAM 32GB",,,,4185.56,,2
77637,"Huawei Nova 10 Dual SIM 8GB RAM 128GB",,,,5648.00,,5
78189,"Emporia Simplicity Glam",,,,689.00,,7
78832,"Google Pixel 3a 4GB RAM 64GB",,,,0.00,,1
78843,"Apple iPhone SE 2GB RAM 128GB",,,,0.00,,1
79057,"Google Pixel 3a XL 4GB RAM 64GB",,,,0.00,,1
79385,"Apple iPhone SE 2020 (2nd Generation) 3GB RAM 256GB",,,,2799.00,,5
80384,"Blackview A55 Dual SIM 3GB RAM 16GB",,,,1125.00,,5
80438,"Lenovo Legion Duel 5G Dual SIM 512GB",,,,10290.00,,1
81380,"Doro 6621",,,,1007.00,,9
81434,"CAT S41 Dual SIM 3GB RAM 32GB",,,,0.00,,1
81435,"Gigaset GS5 Lite Dual SIM 4GB RAM 64GB",,,,2854.00,,6
81622,"Samsung Galaxy S10 Plus SM-G975F Dual SIM 12GB RAM 1TB",,,,0.00,,1
81801,"Doogee S58 Pro",,,,1557.50,,2
81863,"Microsoft Lumia 950 3GB RAM 32GB",,,,0.00,,1
81930,"Maxcom Comfort MM426 Dual SIM",,,,308.00,,3
83150,"Samsung Galaxy S10 Plus SM-G975F Dual SIM 8GB RAM 512GB",,,,0.00,,1
83290,"Xiaomi Redmi Note 8 Pro Dual SIM 6GB RAM 128GB",,,,3749.40,,1
83684,"Cubot Note 7 Dual SIM 2GB RAM 16GB",,,,1490.00,,4
83753,"Oppo A54 5G 4GB RAM 64GB",,,,3501.00,,5
83830,"Sony Xperia Pro XQ-AQ52 5G Dual SIM 12GB RAM 512GB",,,,0.00,,1
84292,"Samsung Galaxy Grand Prime SM-G5308",,,,79.00,,1
84704,"Artfone G6",,,,614.00,,1
84727,"SPC Jasper",,,,1190.00,,6
84954,"Xiaomi Redmi 10C Dual SIM 3GB RAM 64GB",,,,1607.00,,12
85666,"Oppo A57",,,,2671.00,,5
85847,"Samsung Galaxy S20 Plus SM-G985F Dual SIM 8GB RAM 128GB",,,,7523.35,,5
86034,"Sony Xperia M4 Aqua E2303 2GB RAM",,,,0.00,,1
86057,"Huawei P20 Dual SIM 4GB RAM 128GB",,,,0.00,,1
86220,"Google Pixel 4 Dual SIM 6GB RAM 64GB",,,,4808.00,,5
86999,"Nokia 6.2 Dual SIM 4GB RAM 64GB",,,,0.00,,1
87380,"Huawei P Smart Pro Dual SIM 6GB RAM 128GB",,,,0.00,,1
87703,"Oukitel WP8 Pro Dual SIM 64GB",,,,3607.00,,2
87754,"Huawei Mate 20 Lite Dual SIM 4GB RAM 64GB",,,,3464.95,,2
87779,"Alcatel OneTouch 3026X 128MB RAM",,,,751.97,,1
88120,"Sony Xperia Z5 E6653 3GB RAM 32GB",,,,0.00,,1
88561,"Oppo Reno2 Dual SIM 8GB RAM 256GB",,,,6611.79,,1
88565,"Oppo A54s",,,,3102.00,,3
88615,"Motorola Edge 20 5G Dual SIM 8GB RAM 256GB",,,,0.00,,1
88787,"OnePlus 7T Dual SIM 8GB RAM 128GB",,,,0.00,,2
88984,"Realme C31 Dual SIM 3GB RAM 32GB",,,,1440.00,,7
89124,"Xiaomi Poco M3 Pro 5G Dual SIM 4GB RAM 64GB",,,,0.00,,2
89617,"Doro 8050 Plus 2GB RAM 16GB",,,,1769.00,,5
89968,"Nokia 230 Dual SIM 16MB RAM",,,,885.00,,5
89969,"OnePlus 7T Pro Dual SIM 8GB RAM 256GB",,,,0.00,,1
90534,"Xiaomi Redmi 9T Dual SIM 4GB RAM 64GB",,,,2349.00,,1
90637,"Huawei Y6 2018 Dual SIM 2GB RAM 16GB",,,,0.00,,1
90692,"Apple iPhone XR (Product)Red Special Edition 3GB RAM 128GB",,,,0.00,,1
91983,"Beafon SL250 Dual SIM",,,,410.00,,8
92154,"Samsung Galaxy A20s SM-A207F/DS Dual SIM 3GB RAM 32GB",,,,4304.00,,1
92422,"Nokia 8210",,,,0.00,,1
92499,"Cyrus Technology CS22XA Dual SIM 2GB RAM 16GB",,,,1122.86,,8
93073,"Blackview A70 Dual SIM 3GB RAM 32GB",,,,0.00,,2
93108,"Honor 50 Lite Dual SIM 6GB RAM 128GB",,,,3590.00,,1
93343,"Oukitel WP18 Pro Dual SIM 4GB RAM 64GB",,,,2479.00,,5
93831,"Blackview BV5200 Pro Dual SIM 4GB RAM 64GB",,,,2129.00,,3
93892,"Blackview BV9700 Pro Dual SIM 6GB RAM 128GB",,,,3540.94,,1
94154,"Huawei Y5p Dual SIM 2GB RAM 32GB",,,,0.00,,1
94235,"Sharp B10 Dual SIM 3GB RAM 32GB",,,,0.00,,1
94371,"Honor X6 Dual SIM 4GB RAM 64GB",,,,2190.00,,7
94777,"Motorola Moto E3 1GB RAM",,,,0.00,,1
94960,"Samsung Galaxy A3 2016 SM-A310F 1.5GB RAM 16GB",,,,0.00,,1
94971,"LG V40 ThinQ LMV405 Dual SIM 6GB RAM 128GB",,,,0.00,,1
95235,"CAT B30 Dual SIM 128MB RAM",,,,0.00,,1
95265,"Samsung Galaxy A9 2018 SM-A920F/DS Dual SIM 6GB RAM 128GB",,,,0.00,,1
95670,"Xiaomi 12 5G Dual SIM 8GB RAM 128GB",,,,7326.00,,5
96066,"Lenovo B Dual SIM 1GB RAM",,,,0.00,,1
96505,"Sony Xperia Z3 D6603 3GB RAM 16GB",,,,0.00,,1
97167,"ZTE Blade A52 Dual SIM 2GB RAM 64GB",,,,1226.00,,5
97633,"Samsung Galaxy J5 SM-J500F 1.5GB RAM",,,,0.00,,1
97773,"Maxcom MM35D",,,,356.00,,6
97860,"HTC U Ultra Dual SIM 4GB RAM 64GB",,,,0.00,,1
98212,"UleFone Note 12P",,,,1490.00,,3
98378,"Oukitel K15 Plus",,,,2149.00,,3
98656,"Doro 6820",,,,1319.00,,8
98672,"Vivo V21 5G 128GB",,,,4370.00,,5
98772,"Vivo Y21s 4GB RAM 128GB",,,,2180.00,,7
99273,"Xiaomi Redmi Note 12 Pro+ 5G Dual SIM 8GB RAM 256GB",,,,9544.00,,3
99311,"MyPhone Tango LTE Dual SIM",,,,1216.00,,2
99360,"Gigaset GL7 Dual SIM",,,,1549.00,,8
100028,"LG G6 H870 4GB RAM 32GB",,,,0.00,,1
100132,"MyPhone Hammer Bow Dual SIM 32MB RAM",,,,1619.00,,2
100766,"SPC Zeus 4G Pro",,,,1785.00,,6
100880,"Oppo Reno5 5G Dual SIM 8GB RAM 128GB",,,,7069.00,,3
100898,"Xiaomi Black Shark 5 Pro 5G Dual SIM 8GB RAM 128GB",,,,12240.00,,4
100939,"Asus ZenFone 8 ZS590KS 5G Dual SIM 16GB RAM 256GB",,,,9422.00,,2
101380,"Huawei P Smart 2021 Dual SIM 4MB RAM 128GB",,,,0.00,,1
102025,"Honor 9 Dual SIM 4GB RAM 64GB",,,,0.00,,2
102235,"SPC Smart Max 2",,,,1116.00,,6
102245,"Doro 8035 Dual SIM 2GB RAM 16GB",,,,0.00,,1
102345,"MyPhone Waltz Dual SIM",,,,714.00,,2
102549,"Realme C30 Dual SIM 3GB RAM 32GB",,,,1400.00,,7
102657,"Apple iPhone 6s 2GB RAM 128GB",,,,0.00,,2
102667,"Sony Xperia X F5121 3GB RAM 32GB",,,,0.00,,1
102915,"Doro PhoneEasy 631",,,,0.00,,1
102974,"Huawei P20 Pro 6GB RAM 128GB",,,,0.00,,1
103083,"MyPhone Up 64MB RAM",,,,429.00,,4
103142,"CAT S52 Dual SIM 4GB RAM 64GB",,,,0.00,,2
103916,"Apple iPhone 12 (Product)Red Special Edition 5G 6GB RAM 256GB",,,,9490.00,,34
104207,"UleFone Armor 11 5G Dual SIM 8GB RAM 256GB",,,,6396.00,,2
104838,"Samsung Galaxy S5 Neo SM-G903F 2GB RAM 16GB",,,,0.00,,1
105009,"Panasonic KX-TU446",,,,950.00,,5
105191,"Xiaomi Mi 9 SE Dual SIM 6GB RAM 128GB",,,,0.00,,1
105415,"Olympia Style Plus Dual SIM 32GB",,,,682.00,,3
105531,"Apple iPhone XS 4GB RAM 256GB",,,,0.00,,1
106001,"Honor 10 Lite Dual SIM 3GB RAM 64GB",,,,0.00,,1
106167,"Krger&Matz Live 10s Dual SIM 8GB RAM 256GB",,,,4218.00,,2
106528,"OnePlus 6 Dual SIM 8GB RAM 128GB",,,,6002.72,,1
106541,"OnePlus 6T Dual SIM 6GB RAM 128GB",,,,0.00,,1
106745,"Sony Xperia E4 E2105 1GB RAM",,,,0.00,,1
106928,"Doro 6880",,,,1382.93,,7
109312,"Samsung Galaxy A30s SM-A307F/DS Dual SIM 4GB RAM 64GB",,,,3037.44,,1
109754,"Realme 6 Dual SIM 4GB RAM 64GB",,,,2931.70,,1
110063,"MyPhone Hammer Explorer Pro Dual SIM 128GB",,,,0.00,,2
110462,"Allview A30 Max Dual SIM 1GB RAM 32GB",,,,1086.00,,3
110492,"Huawei Mate 9 Pro Dual SIM 6GB RAM 128GB",,,,0.00,,2
110654,"Doro 8030 1GB RAM",,,,0.00,,1
111144,"Oppo Reno 7 Lite 5G Dual SIM 8GB RAM 128GB",,,,0.00,,1
111477,"HTC 10 4GB RAM 32GB",,,,0.00,,1
111521,"Samsung Galaxy A6 Plus 2018 SM-A605FN/DS Dual SIM 3GB RAM 32GB",,,,0.00,,1
111680,"LG K8 K350 1.5GB RAM",,,,0.00,,1
111805,"Doro Primo 418",,,,861.00,,7
112109,"Oukitel WP7 Dual SIM 8GB RAM 128GB",,,,5694.00,,2
112849,"Samsung Galaxy J5 2017 SM-J530F/DS Dual SIM 2GB RAM 16GB",,,,0.00,,1
113067,"Artfone C10 Dual SIM",,,,736.00,,3
113085,"Swisstone BBM 625 Dual SIM",,,,587.35,,2
113131,"Blackview BL5000 5G",,,,4081.00,,5
113142,"Emporia SuperEasy 3GB RAM 32GB",,,,2696.00,,3
113467,"Vivo V23 5G Dual SIM 12GB RAM 256GB",,,,11096.00,,2
113528,"TCL 3189",,,,926.00,,3
113863,"Huawei P40 Lite 5G Dual SIM 6GB RAM 128GB",,,,4000.99,,1
114036,"Sony Xperia XA2 H4113 Dual SIM 3GB RAM 32GB",,,,0.00,,1
114256,"Krger&Matz Simple 929",,,,0.00,,1
114419,"Nokia 7 Plus Dual SIM 4GB RAM 64GB",,,,0.00,,1
115794,"Huawei Nova Y70 Dual SIM 4GB RAM 128GB",,,,2697.00,,5
116177,"Doro Primo 215",,,,491.00,,4
116223,"SPC Zeus 4G",,,,1546.00,,6
116256,"Apple iPhone 11 Pro 4GB RAM 512GB",,,,16711.00,,3
116628,"Huawei Y5 2019 Dual SIM 2GB RAM 16GB",,,,0.00,,1
117358,"Oukitel WP18 Dual SIM 4GB RAM 32GB",,,,1894.00,,6
117394,"AGM Glory 5G Dual SIM 8GB RAM 256GB",,,,5995.00,,2
117710,"LG K4 K120E 1GB RAM",,,,0.00,,1
118245,"UleFone Note 13P 5G",,,,1852.00,,4
119381,"Xiaomi Redmi Note 12 Pro 5G Dual SIM 8GB RAM 256GB",,,,6170.00,,2
119494,"Google Nexus 6 3GB RAM 32GB",,,,0.00,,1
119548,"Huawei P8 Lite Dual SIM 2GB RAM 16GB",,,,0.00,,2
119610,"Sony Xperia E1 D2005 512MB RAM",,,,0.00,,1
119841,"Vivo Y22s Dual SIM 6GB RAM 128GB",,,,3740.00,,5
120003,"Infinix Hot 11 Dual SIM 4GB RAM 64GB",,,,1386.00,,5
120077,"UleFone Armor 9 Dual SIM 8GB RAM 128GB",,,,6399.00,,1
120229,"Samsung Galaxy J3 2017 SM-J330F/DS Dual SIM 2GB RAM 16GB",,,,0.00,,1
121068,"UleFone Note 11P",,,,2303.00,,3
121781,"Xiaomi Redmi 9 Dual SIM 4GB RAM 64GB",,,,2149.00,,1
122064,"Cubot P50 Dual SIM 6GB RAM 128GB",,,,2580.00,,4
122734,"Honor 10 Dual SIM 4GB RAM 64GB",,,,4437.65,,1
122990,"Motorola Moto G8 Power Dual SIM 4GB RAM 64GB",,,,0.00,,1
123248,"TCL 40R 5G Dual SIM 4GB RAM 64GB",,,,2490.00,,1
123503,"Blackview BV9800 Pro Dual SIM 6GB RAM 128GB",,,,7671.00,,2
123640,"Doro Primo 406",,,,650.00,,5
123663,"Sony Xperia XA1 G3112 Dual SIM 3GB RAM 32GB",,,,2765.00,,1
124033,"Beafon SL495",,,,554.00,,6
124562,"Sony Xperia M5 E5603 3GB RAM 16GB",,,,0.00,,1
124569,"Doro PhoneEasy 520X",,,,0.00,,1
124623,"Samsung Galaxy Note 10 Plus SM-N975F/DS Dual SIM 12GB RAM 512GB",,,,0.00,,1
125018,"Huawei P10 Lite Dual SIM 3GB RAM 32GB",,,,4178.00,,2
126149,"Motorola Moto G8 Power Lite Dual SIM 4GB RAM 64GB",,,,2382.29,,1
126479,"OnePlus 5T Dual SIM 8GB RAM 128GB",,,,0.00,,1
126517,"Sony Xperia XZ F8331 3GB RAM 32GB",,,,0.00,,1
126638,"Maxcom Classic MK241 Dual SIM 512MB RAM",,,,937.00,,2
126668,"Alcatel 2019G 8MB RAM",,,,386.00,,4
126868,"SPC Fortune 2",,,,480.00,,5
127186,"Motorola Moto G9 Plus Dual SIM 4GB RAM 128GB",,,,0.00,,1
127331,"Xiaomi Redmi Note 9 Pro Dual SIM 6GB RAM 128GB",,,,3490.00,,3
127346,"Huawei Y6 2017 Dual SIM 2GB RAM 16GB",,,,0.00,,1
127740,"Doro Primo 413",,,,876.00,,6
127867,"ZTE Blade V40 Vita Dual SIM 4GB RAM 128GB",,,,2320.00,,6
127989,"Xiaomi Mi 9 Dual SIM 6GB RAM 64GB",,,,3808.97,,1
128660,"Oppo Find X3 Lite 5G Dual SIM 8GB RAM 128GB",,,,5524.77,,1
128674,"Allview A30 Plus Dual SIM 2GB RAM 32GB",,,,1764.00,,2
128704,"Samsung Galaxy A13 SM-A135F/DS Dual SIM 3GB RAM 32GB",,,,0.00,,1
128719,"Emporia Smart 4 32GB",,,,2188.00,,4
128768,"CAT S31 Dual SIM 2GB RAM 16GB",,,,0.00,,2
129094,"Xiaomi Mi 11 Ultra 5G Dual SIM 12GB RAM 256GB",,,,0.00,,1
129203,"Oppo Reno 7 Dual SIM 8GB RAM 256GB",,,,13272.00,,2
129244,"Maxcom Strong MM920 Dual SIM 16MB RAM",,,,580.00,,3
129254,"MyPhone Hammer Boost LTE Dual SIM",,,,1595.00,,2
130036,"Olympia Luna Dual SIM",,,,550.43,,1
130123,"Samsung Galaxy S5 Mini LTE SM-G800F 1.5GB RAM 16GB",,,,0.00,,1
131196,"Fairphone 3 Dual SIM 4GB RAM 64GB",,,,3607.24,,1
131762,"Oppo A57s Dual SIM 4GB RAM 128GB",,,,2510.00,,6
132415,"Apple iPhone 5 1GB RAM 16GB",,,,0.00,,1
132863,"Oukitel WP5 4GB RAM 32GB",,,,2848.00,,3
134639,"TCL 10 Plus 6GB RAM 64GB",,,,0.00,,2
135471,"Huawei P9 3GB RAM 32GB",,,,0.00,,1
135844,"Samsung Galaxy S5 Plus SM-G901F 2GB RAM 16GB",,,,4495.00,,1
135977,"Oppo Find X2 Lite 5G 8GB RAM 128GB",,,,3450.00,,3
136440,"Apple iPhone 6s Plus 2GB RAM 64GB",,,,0.00,,2
136464,"Sony Xperia Z5 Premium E6853 3GB RAM 32GB",,,,0.00,,1
136480,"Doro 5031",,,,0.00,,1
137052,"LG K20 LMX120 Dual SIM 1GB RAM 16GB",,,,0.00,,1
137507,"Realme C31 Dual SIM 4GB RAM 64GB",,,,2072.00,,5
137724,"Lexibook MP100",,,,237.22,,1
138076,"Oukitel WP16",,,,3247.00,,3
138199,"Samsung Galaxy J1 2016 SM-J120F 512MB RAM",,,,0.00,,1
138789,"Google Pixel 4 XL Dual SIM 6GB RAM 64GB",,,,0.00,,1
139050,"Motorola Razr 2019 6GB RAM 128GB",,,,12826.00,,1
139398,"MyPhone C1 LTE",,,,700.00,,3
139669,"Vivo Y01 Dual SIM 3GB RAM 32GB",,,,2119.00,,5
139748,"UleFone Armor X5 Pro Dual SIM 4GB RAM 64GB",,,,2099.00,,2
139945,"LG K4 2017 M160E Dual SIM 1GB RAM",,,,0.00,,1
140116,"Emporia Euphoria",,,,829.00,,5
141882,"Oppo Reno4 Z 5G Dual SIM 8GB RAM 128GB",,,,0.00,,1
142000,"LG Q7 LMQ610 Dual SIM 3GB RAM 32GB",,,,0.00,,1
142445,"Xiaomi Redmi Note 8 Dual SIM 4GB RAM 64GB",,,,2805.76,,1
142492,"Google Pixel 4GB RAM 32GB",,,,0.00,,1
142572,"Motorola Moto G8 Plus Dual SIM 4GB RAM 64GB",,,,0.00,,1
142759,"Xiaomi Mi 10T 5G Dual SIM 6GB RAM 128GB",,,,7087.47,,1
143080,"Xiaomi Redmi Note 9T 5G Dual SIM 4GB RAM 64GB",,,,2711.26,,2
143087,"Doro Primo 408",,,,709.00,,4
143458,"Beafon SL595",,,,686.00,,6
143582,"Realme 8i Dual SIM 4GB RAM 128GB",,,,3300.00,,4
143661,"Doro Primo 366",,,,612.00,,9
144031,"Apple iPhone XS 4GB RAM 512GB",,,,0.00,,1
144390,"Motorola Moto Z Dual SIM 4GB RAM 32GB",,,,0.00,,1
144537,"Infinix Hot 11s NFC Dual SIM 6GB RAM 128GB",,,,0.00,,2
145560,"Honeywell CT45 XP",,,,20829.00,,3
145575,"MyPhone Halo 3",,,,447.00,,3
145583,"Doro Primo 218",,,,943.00,,6
145697,"Motorola Moto E4 Dual SIM 2GB RAM 16GB",,,,0.00,,1
145767,"AGM H3 Dual SIM 4GB RAM 64GB",,,,3249.00,,3
145782,"UleFone Armor Mini 2",,,,790.00,,1
146230,"LG G5 H850 4GB RAM 32GB",,,,8963.42,,2
147148,"Realme Narzo 50 Dual SIM 6GB RAM 128GB",,,,2582.00,,5
147155,"Apple iPhone 6 Plus 1GB RAM 16GB",,,,0.00,,2
147620,"Asus ZenFone 3 Deluxe ZS550KL",,,,6189.35,,1
147861,"MyPhone Maestro 2",,,,333.00,,4
149115,"Motorola Moto G4 Play 2GB RAM 16GB",,,,0.00,,1
149234,"Krger&Matz Iron 3 Dual SIM",,,,0.00,,2
149393,"MyPhone Hammer Iron 4 Dual SIM 4GB RAM 32GB",,,,4109.00,,3
149566,"UleFone Note 10",,,,2218.00,,2
149899,"LG G3 D855 3GB RAM 32GB",,,,0.00,,1
150790,"Samsung Galaxy J7 2017 SM-J730F/DS Dual SIM 3GB RAM 16GB",,,,0.00,,1
151052,"Crosscall Core M5",,,,4212.00,,6
151498,"OnePlus Nord N10 5G Dual SIM 6GB RAM 128GB",,,,0.00,,1
152211,"Blackview A52 Dual SIM 2GB RAM 32GB",,,,1099.00,,1
152468,"Nokia 7.1 4GB RAM 64GB",,,,1890.00,,1
152692,"Oukitel WP5 Pro Dual SIM 4GB RAM 64GB",,,,2013.00,,5
152940,"eStar S20 64MB RAM",,,,0.00,,2
153105,"UMIDIGI A9 Plus Dual SIM 8GB RAM 128GB",,,,4908.00,,1
153297,"Samsung Galaxy A5 2017 SM-A520F 3GB RAM 32GB",,,,0.00,,1
153372,"Sony Xperia XA F3111 2GB RAM 16GB",,,,0.00,,1
153931,"TTfone Star",,,,531.69,,1
154905,"Apple iPhone 11 (Product)Red Special Edition 4GB RAM 128GB",,,,4699.00,,8
155162,"Xiaomi Redmi Note 10S Dual SIM 6GB RAM 128GB",,,,2675.00,,8
155227,"Denver FAS-18100M Dual SIM 64MB RAM",,,,284.00,,2
155299,"TCL 30SE Dual SIM 4GB RAM 64GB",,,,1790.00,,1
155475,"Xiaomi Poco X4 GT 5G Dual SIM 8GB RAM 128GB",,,,7436.00,,1
155773,"Maxcom MM462 256MB RAM",,,,649.00,,1
157652,"AGM M2 Dual SIM 32MB RAM",,,,658.00,,2
157746,"TCL 405 Dual SIM 2GB RAM 32GB",,,,1649.00,,4
158038,"Cubot King Kong 7 Dual SIM 8GB RAM 128GB",,,,3490.00,,6
159040,"Beafon SL645",,,,712.00,,4
161204,"Blackview BV6600 Dual SIM 64GB",,,,2421.00,,3
162252,"Nokia C21 Dual SIM 2GB RAM 32GB",,,,2272.00,,2
162265,"Swissvoice S28",,,,731.00,,2
162421,"Doro 8020X 1GB RAM",,,,0.00,,1
162666,"Oukitel WP9 Dual SIM 6GB RAM 128GB",,,,2419.00,,3
163302,"UleFone Armor X9 Dual SIM 3GB RAM 32GB",,,,1899.00,,2
163335,"Xiaomi Redmi 10A Dual SIM 2GB RAM 32GB",,,,1271.00,,9
163338,"Doro 7080 Dual SIM 512MB RAM",,,,1740.00,,3
163425,"Samsung Galaxy S6 Edge SM-G925F 3GB RAM 32GB",,,,0.00,,2
163464,"Doro 7030 512MB RAM",,,,1449.00,,2
163604,"Realme X50 5G 6GB RAM 128GB",,,,0.00,,2
164547,"Motorola Moto G 1GB RAM 8GB",,,,0.00,,1
164619,"Xiaomi Mi 11i 5G Dual SIM 8GB RAM 128GB",,,,5490.00,,2
165089,"Oukitel WP10 5G 8GB RAM 128GB",,,,6249.00,,3
